geoid,0,2,3,4,5,6,7,8,9,10
14000US36005021800,1.0,1.0,1.0,1.0,1.0,1.0,1.0,1.0,1.0,1.0
14000US36005026500,1.0,1.0,1.0,2.0,1.0,1.0,1.0,1.0,1.0,1.0
14000US36047016000,1.0,1.0,1.0,1.0,1.0,1.0,1.0,1.0,1.0,1.0
14000US36047054400,2.0,1.0,2.0,3.0,2.0,2.0,2.0,2.0,1.0,1.0
14000US34035050500,1.0,1.0,1.0,1.0,1.0,1.0,1.0,1.0,1.0,1.0
14000US34035053705,1.0,1.0,1.0,1.0,1.0,1.0,1.0,1.0,1.0,1.0
14000US36103158512,3.0,2.0,3.0,3.0,3.0,3.0,3.0,3.0,2.0,2.0
14000US36081126700,3.0,2.0,3.0,3.0,3.0,3.0,3.0,3.0,2.0,2.0
14000US36047039100,4.0,3.0,4.0,4.0,4.0,4.0,4.0,4.0,3.0,3.0
14000US36061004100,5.0,1.0,1.0,2.0,1.0,1.0,1.0,1.0,1.0,1.0
14000US36119002202,2.0,4.0,5.0,3.0,2.0,2.0,2.0,2.0,4.0,4.0
14000US36119006801,2.0,5.0,5.0,3.0,2.0,2.0,2.0,2.0,4.0,5.0
14000US36005036100,3.0,2.0,3.0,3.0,3.0,3.0,3.0,3.0,2.0,2.0
14000US36005023501,3.0,2.0,3.0,5.0,3.0,3.0,3.0,3.0,2.0,2.0
14000US34013021802,2.0,5.0,5.0,3.0,2.0,2.0,3.0,2.0,4.0,5.0
14000US34027040805,2.0,5.0,5.0,3.0,2.0,2.0,2.0,2.0,4.0,5.0
14000US34029717200,1.0,1.0,1.0,1.0,1.0,1.0,1.0,1.0,1.0,1.0
14000US34029717502,1.0,1.0,1.0,1.0,1.0,1.0,1.0,1.0,1.0,1.0
14000US36061021000,1.0,6.0,6.0,1.0,5.0,5.0,5.0,1.0,1.0,1.0
14000US36061013100,1.0,1.0,1.0,1.0,1.0,1.0,1.0,1.0,1.0,1.0
14000US34003024200,5.0,1.0,1.0,2.0,1.0,1.0,6.0,1.0,1.0,1.0
14000US34003014000,5.0,1.0,1.0,2.0,1.0,1.0,6.0,1.0,1.0,1.0
14000US34029720203,2.0,5.0,5.0,3.0,2.0,2.0,1.0,2.0,4.0,5.0
14000US34025808701,1.0,1.0,1.0,1.0,1.0,1.0,1.0,1.0,1.0,1.0
14000US36059520402,1.0,1.0,1.0,2.0,1.0,1.0,1.0,1.0,1.0,1.0
14000US36103123201,4.0,3.0,4.0,4.0,4.0,4.0,4.0,4.0,3.0,3.0
14000US36103134904,3.0,2.0,3.0,5.0,3.0,3.0,3.0,3.0,2.0,2.0
14000US36103110501,2.0,4.0,5.0,3.0,2.0,2.0,2.0,2.0,4.0,4.0
14000US36059405900,5.0,7.0,2.0,2.0,6.0,6.0,6.0,5.0,5.0,6.0
14000US36081155102,1.0,1.0,1.0,4.0,1.0,1.0,1.0,1.0,1.0,1.0
14000US34023007910,4.0,3.0,4.0,4.0,4.0,4.0,4.0,4.0,3.0,3.0
14000US34023005100,4.0,3.0,4.0,4.0,4.0,4.0,4.0,4.0,3.0,3.0
14000US34025802400,1.0,1.0,1.0,2.0,1.0,1.0,1.0,1.0,1.0,1.0
14000US34013019200,2.0,5.0,5.0,3.0,2.0,2.0,2.0,2.0,4.0,5.0
14000US34025810003,2.0,5.0,3.0,3.0,3.0,3.0,3.0,3.0,2.0,5.0
14000US36061011300,2.0,4.0,5.0,3.0,2.0,2.0,2.0,2.0,4.0,4.0
14000US36085022600,2.0,4.0,5.0,3.0,2.0,2.0,2.0,2.0,4.0,4.0
14000US36085002001,3.0,2.0,3.0,1.0,3.0,3.0,3.0,3.0,1.0,2.0
14000US36081137700,5.0,1.0,1.0,2.0,1.0,1.0,1.0,1.0,1.0,1.0
14000US36061003800,3.0,4.0,3.0,5.0,3.0,3.0,3.0,3.0,2.0,4.0
14000US36061013500,2.0,4.0,5.0,3.0,2.0,2.0,2.0,2.0,4.0,4.0
14000US36061009900,3.0,4.0,3.0,5.0,3.0,3.0,3.0,3.0,2.0,4.0
14000US36103123900,5.0,3.0,2.0,2.0,6.0,4.0,6.0,5.0,3.0,3.0
14000US36103158007,3.0,2.0,3.0,5.0,3.0,3.0,3.0,3.0,2.0,2.0
14000US36005007800,3.0,2.0,3.0,5.0,3.0,3.0,3.0,3.0,2.0,2.0
14000US36061002100,4.0,3.0,4.0,4.0,4.0,4.0,4.0,4.0,3.0,3.0
14000US36047051001,3.0,2.0,3.0,3.0,3.0,3.0,3.0,3.0,2.0,2.0
14000US34035050903,2.0,4.0,5.0,3.0,2.0,2.0,2.0,2.0,4.0,4.0
14000US34035050802,2.0,5.0,5.0,3.0,2.0,2.0,2.0,2.0,4.0,4.0
14000US34039037100,2.0,4.0,5.0,3.0,2.0,2.0,2.0,2.0,4.0,4.0
14000US34039036200,4.0,3.0,4.0,4.0,4.0,4.0,4.0,4.0,3.0,3.0
14000US36119009701,1.0,1.0,1.0,1.0,1.0,1.0,1.0,1.0,1.0,1.0
14000US36119008800,1.0,1.0,1.0,1.0,1.0,1.0,1.0,1.0,1.0,1.0
14000US36061024700,4.0,3.0,4.0,4.0,4.0,4.0,4.0,4.0,3.0,3.0
14000US36061005200,2.0,5.0,5.0,3.0,2.0,2.0,2.0,2.0,4.0,5.0
14000US36061010200,5.0,7.0,2.0,2.0,6.0,6.0,6.0,5.0,5.0,6.0
14000US36061025500,1.0,1.0,1.0,3.0,1.0,1.0,1.0,1.0,1.0,1.0
14000US34017005801,2.0,5.0,5.0,3.0,2.0,2.0,2.0,2.0,4.0,4.0
14000US34017007600,5.0,1.0,1.0,4.0,1.0,1.0,1.0,4.0,1.0,1.0
14000US36047001100,1.0,1.0,1.0,1.0,1.0,1.0,1.0,1.0,1.0,1.0
14000US34017017900,3.0,2.0,3.0,5.0,3.0,3.0,3.0,3.0,2.0,2.0
14000US36085014607,4.0,3.0,4.0,4.0,4.0,4.0,4.0,4.0,3.0,3.0
14000US36085011202,1.0,3.0,4.0,1.0,4.0,4.0,4.0,1.0,1.0,1.0
14000US36047055500,4.0,3.0,4.0,4.0,4.0,4.0,4.0,4.0,3.0,3.0
14000US36061007300,1.0,1.0,1.0,1.0,1.0,1.0,1.0,1.0,1.0,1.0
14000US36103158317,4.0,3.0,4.0,4.0,4.0,4.0,4.0,4.0,3.0,3.0
14000US36071015100,5.0,3.0,4.0,4.0,4.0,4.0,4.0,4.0,3.0,3.0
14000US34003019202,1.0,1.0,1.0,1.0,1.0,1.0,1.0,1.0,1.0,1.0
14000US34003003200,2.0,4.0,5.0,3.0,2.0,2.0,2.0,2.0,4.0,4.0
14000US34003015100,3.0,4.0,3.0,5.0,3.0,3.0,3.0,3.0,2.0,4.0
14000US36061003200,1.0,1.0,1.0,1.0,1.0,1.0,1.0,1.0,1.0,1.0
14000US34031246101,1.0,1.0,1.0,1.0,1.0,1.0,1.0,1.0,1.0,1.0
14000US36061011900,3.0,4.0,3.0,5.0,3.0,3.0,3.0,3.0,2.0,4.0
14000US36047061004,3.0,4.0,3.0,5.0,3.0,3.0,3.0,3.0,2.0,4.0
14000US34031182500,1.0,1.0,1.0,4.0,1.0,1.0,1.0,1.0,1.0,1.0
14000US34017001900,1.0,1.0,1.0,1.0,1.0,1.0,1.0,1.0,1.0,1.0
14000US34029736102,3.0,2.0,3.0,5.0,3.0,3.0,3.0,3.0,2.0,2.0
14000US34029734003,3.0,2.0,3.0,5.0,3.0,3.0,3.0,3.0,2.0,2.0
14000US34031175401,2.0,5.0,5.0,3.0,2.0,2.0,2.0,2.0,4.0,5.0
14000US34013022900,2.0,5.0,5.0,3.0,2.0,2.0,2.0,2.0,4.0,5.0
14000US36047087800,1.0,1.0,1.0,1.0,1.0,1.0,1.0,1.0,1.0,1.0
14000US36059404800,1.0,1.0,1.0,1.0,1.0,1.0,1.0,1.0,1.0,1.0
14000US34003042500,3.0,2.0,3.0,5.0,3.0,3.0,3.0,3.0,2.0,2.0
14000US36103158605,1.0,1.0,1.0,1.0,1.0,1.0,1.0,1.0,1.0,1.0
14000US36103158604,2.0,2.0,3.0,3.0,3.0,3.0,3.0,3.0,2.0,2.0
14000US34031154001,5.0,7.0,2.0,2.0,6.0,6.0,6.0,5.0,5.0,6.0
14000US34039035900,1.0,6.0,6.0,1.0,5.0,5.0,5.0,1.0,1.0,1.0
14000US34027042000,2.0,5.0,5.0,3.0,2.0,2.0,1.0,2.0,4.0,5.0
14000US36047061002,2.0,5.0,5.0,3.0,2.0,2.0,2.0,2.0,4.0,4.0
14000US36081077300,2.0,4.0,5.0,3.0,2.0,2.0,2.0,2.0,4.0,4.0
14000US36061012500,3.0,4.0,3.0,5.0,3.0,3.0,3.0,3.0,2.0,4.0
14000US36081000100,3.0,4.0,3.0,5.0,3.0,3.0,3.0,3.0,2.0,4.0
14000US36119012102,4.0,3.0,1.0,4.0,4.0,4.0,4.0,4.0,3.0,3.0
14000US36027060400,1.0,1.0,1.0,1.0,1.0,1.0,1.0,1.0,1.0,1.0
14000US36027220300,3.0,2.0,3.0,5.0,3.0,3.0,3.0,3.0,2.0,2.0
14000US34025808600,5.0,1.0,1.0,2.0,1.0,1.0,1.0,1.0,1.0,1.0
14000US34025800800,4.0,3.0,4.0,4.0,4.0,4.0,4.0,4.0,3.0,3.0
14000US34029721000,5.0,3.0,1.0,4.0,6.0,4.0,6.0,4.0,3.0,3.0
14000US34029720202,3.0,4.0,3.0,5.0,3.0,3.0,3.0,3.0,2.0,4.0
14000US34023007703,3.0,2.0,3.0,3.0,3.0,3.0,3.0,3.0,2.0,2.0
14000US34017007100,5.0,7.0,2.0,2.0,6.0,6.0,6.0,5.0,5.0,6.0
14000US34003018100,1.0,1.0,1.0,2.0,1.0,1.0,1.0,1.0,1.0,1.0
14000US36061009300,4.0,3.0,2.0,4.0,6.0,4.0,6.0,4.0,3.0,3.0
14000US36061010100,2.0,5.0,5.0,3.0,2.0,2.0,2.0,2.0,4.0,5.0
14000US36061018200,1.0,1.0,1.0,1.0,1.0,1.0,1.0,1.0,1.0,1.0
14000US34003012001,1.0,1.0,1.0,1.0,1.0,1.0,1.0,1.0,1.0,1.0
14000US36103122902,3.0,2.0,3.0,5.0,3.0,3.0,3.0,3.0,2.0,2.0
14000US36103122300,3.0,2.0,3.0,5.0,3.0,3.0,3.0,3.0,2.0,2.0
14000US34025809000,4.0,3.0,4.0,4.0,4.0,4.0,4.0,4.0,3.0,3.0
14000US34039033500,4.0,3.0,4.0,4.0,4.0,4.0,4.0,4.0,3.0,3.0
14000US34003001000,4.0,3.0,2.0,4.0,4.0,4.0,6.0,4.0,3.0,3.0
14000US34027041803,3.0,4.0,3.0,5.0,3.0,3.0,3.0,3.0,2.0,4.0
14000US36061007200,3.0,4.0,3.0,5.0,3.0,3.0,3.0,3.0,2.0,4.0
14000US36061005700,1.0,6.0,6.0,1.0,5.0,5.0,5.0,1.0,1.0,1.0
14000US36061001502,2.0,5.0,5.0,3.0,2.0,2.0,2.0,2.0,4.0,5.0
14000US34027040102,4.0,3.0,4.0,4.0,4.0,4.0,4.0,4.0,3.0,3.0
14000US34031246300,2.0,5.0,5.0,2.0,2.0,2.0,2.0,2.0,4.0,5.0
14000US34031175301,5.0,1.0,1.0,2.0,6.0,6.0,6.0,5.0,1.0,1.0
14000US34017007700,2.0,5.0,5.0,3.0,2.0,2.0,2.0,2.0,4.0,5.0
14000US34025804800,2.0,4.0,5.0,3.0,2.0,2.0,2.0,2.0,4.0,4.0
14000US34025806504,2.0,5.0,5.0,3.0,2.0,2.0,2.0,2.0,4.0,5.0
14000US34003010300,4.0,3.0,4.0,4.0,4.0,4.0,4.0,4.0,3.0,3.0
14000US34029735002,2.0,5.0,5.0,3.0,2.0,2.0,3.0,3.0,4.0,5.0
14000US34029732103,3.0,2.0,3.0,5.0,3.0,3.0,3.0,3.0,2.0,2.0
14000US36061004400,5.0,1.0,1.0,2.0,6.0,6.0,1.0,5.0,1.0,5.0
14000US36047001300,5.0,7.0,2.0,2.0,6.0,6.0,6.0,5.0,5.0,6.0
14000US36103122601,4.0,3.0,4.0,4.0,4.0,4.0,4.0,4.0,3.0,3.0
14000US36103201100,4.0,3.0,4.0,4.0,4.0,4.0,4.0,4.0,3.0,3.0
14000US36059413900,1.0,1.0,1.0,1.0,1.0,1.0,1.0,1.0,1.0,1.0
14000US36081122702,5.0,7.0,2.0,2.0,6.0,6.0,6.0,5.0,5.0,6.0
14000US36081015500,2.0,4.0,5.0,3.0,2.0,2.0,2.0,2.0,4.0,4.0
14000US36061007400,1.0,1.0,1.0,1.0,1.0,1.0,1.0,1.0,1.0,1.0
14000US36103135104,4.0,3.0,4.0,4.0,4.0,4.0,4.0,4.0,3.0,3.0
14000US36103112001,5.0,7.0,2.0,2.0,6.0,1.0,6.0,5.0,5.0,6.0
14000US36005009800,5.0,7.0,2.0,2.0,6.0,6.0,6.0,5.0,5.0,6.0
14000US36061017200,2.0,5.0,5.0,3.0,2.0,2.0,2.0,2.0,4.0,5.0
14000US36103159102,1.0,1.0,1.0,1.0,1.0,1.0,1.0,1.0,1.0,1.0
14000US36103135002,3.0,2.0,3.0,3.0,3.0,3.0,3.0,3.0,2.0,2.0
14000US34023008001,2.0,5.0,3.0,3.0,2.0,2.0,3.0,3.0,4.0,5.0
14000US34023003800,5.0,7.0,2.0,2.0,6.0,6.0,6.0,5.0,5.0,6.0
14000US34029713402,2.0,5.0,5.0,3.0,2.0,2.0,2.0,2.0,4.0,5.0
14000US34025803600,3.0,2.0,3.0,5.0,3.0,3.0,3.0,3.0,2.0,2.0
14000US36047013900,1.0,1.0,1.0,1.0,1.0,1.0,1.0,1.0,1.0,1.0
14000US36047010200,3.0,2.0,3.0,1.0,1.0,1.0,1.0,1.0,1.0,2.0
14000US36071013500,3.0,2.0,3.0,5.0,3.0,3.0,3.0,3.0,2.0,2.0
14000US36119009400,3.0,2.0,3.0,5.0,3.0,3.0,3.0,3.0,2.0,2.0
14000US36059415101,4.0,3.0,4.0,4.0,4.0,4.0,4.0,4.0,3.0,3.0
14000US36059407301,2.0,4.0,5.0,3.0,2.0,2.0,2.0,2.0,4.0,4.0
14000US36061001300,3.0,4.0,3.0,5.0,3.0,3.0,3.0,3.0,2.0,4.0
14000US36061011600,3.0,4.0,3.0,5.0,3.0,3.0,3.0,3.0,2.0,4.0
14000US36103201003,5.0,7.0,2.0,2.0,6.0,6.0,6.0,5.0,5.0,6.0
14000US36061009100,5.0,1.0,1.0,2.0,6.0,1.0,6.0,5.0,1.0,1.0
14000US36059412000,4.0,3.0,4.0,4.0,4.0,4.0,4.0,4.0,3.0,3.0
14000US36061009600,2.0,4.0,5.0,3.0,2.0,2.0,2.0,2.0,4.0,4.0
14000US34039033000,3.0,2.0,3.0,5.0,3.0,3.0,3.0,3.0,2.0,2.0
14000US36061020800,5.0,1.0,1.0,2.0,1.0,1.0,6.0,5.0,1.0,1.0
14000US36059410800,4.0,3.0,4.0,4.0,4.0,4.0,4.0,4.0,3.0,3.0
14000US36059302800,2.0,4.0,5.0,3.0,2.0,2.0,2.0,2.0,4.0,4.0
14000US36061013700,2.0,4.0,5.0,3.0,2.0,2.0,2.0,2.0,4.0,4.0
14000US36061002201,3.0,2.0,3.0,5.0,3.0,3.0,3.0,3.0,2.0,2.0
14000US34031124402,3.0,2.0,3.0,5.0,3.0,3.0,3.0,3.0,2.0,2.0
14000US36005004100,4.0,3.0,1.0,4.0,1.0,1.0,1.0,4.0,3.0,3.0
14000US36047019300,4.0,3.0,4.0,4.0,4.0,4.0,4.0,4.0,3.0,3.0
14000US36005021002,4.0,3.0,4.0,4.0,4.0,4.0,4.0,4.0,3.0,3.0
14000US36061007600,4.0,3.0,4.0,4.0,4.0,4.0,4.0,4.0,3.0,3.0
14000US36061014700,4.0,3.0,4.0,4.0,4.0,4.0,4.0,4.0,3.0,3.0
14000US34003026200,2.0,4.0,5.0,3.0,2.0,2.0,2.0,2.0,4.0,4.0
14000US34023007600,2.0,4.0,5.0,3.0,2.0,2.0,2.0,2.0,4.0,4.0
14000US34025806202,3.0,2.0,3.0,5.0,3.0,3.0,3.0,3.0,2.0,2.0
14000US34013005000,4.0,3.0,4.0,4.0,4.0,4.0,4.0,4.0,3.0,3.0
14000US34013003500,4.0,3.0,4.0,4.0,4.0,4.0,4.0,4.0,3.0,3.0
14000US34031196402,4.0,3.0,4.0,4.0,4.0,4.0,4.0,4.0,3.0,3.0
14000US34003042400,1.0,1.0,1.0,1.0,1.0,1.0,1.0,1.0,1.0,1.0
14000US36103145603,2.0,5.0,5.0,3.0,2.0,2.0,2.0,2.0,4.0,5.0
14000US36071000200,2.0,5.0,5.0,3.0,2.0,2.0,2.0,2.0,4.0,5.0
14000US36071000300,2.0,5.0,5.0,3.0,2.0,2.0,2.0,2.0,4.0,5.0
14000US34017019800,5.0,7.0,2.0,2.0,6.0,6.0,6.0,5.0,5.0,6.0
14000US34017014800,2.0,5.0,5.0,3.0,2.0,2.0,2.0,2.0,4.0,5.0
14000US34035053200,2.0,5.0,5.0,3.0,2.0,2.0,2.0,2.0,4.0,5.0
14000US34031246103,5.0,7.0,2.0,2.0,6.0,6.0,6.0,5.0,5.0,6.0
14000US36005033400,2.0,5.0,5.0,3.0,2.0,2.0,2.0,2.0,4.0,5.0
14000US36005007500,4.0,7.0,4.0,4.0,4.0,6.0,6.0,5.0,5.0,6.0
14000US34029722701,2.0,5.0,5.0,3.0,2.0,2.0,2.0,2.0,4.0,4.0
14000US34029731103,2.0,4.0,5.0,3.0,2.0,2.0,2.0,2.0,4.0,4.0
14000US36047013700,4.0,3.0,4.0,4.0,4.0,4.0,4.0,4.0,3.0,3.0
14000US36061008400,4.0,3.0,4.0,4.0,4.0,4.0,4.0,4.0,3.0,3.0
14000US34003032102,2.0,5.0,5.0,3.0,2.0,2.0,2.0,2.0,4.0,5.0
14000US36061013200,2.0,5.0,5.0,3.0,2.0,2.0,2.0,2.0,4.0,5.0
14000US36061012100,2.0,5.0,5.0,3.0,2.0,2.0,2.0,2.0,4.0,5.0
14000US34003060000,2.0,4.0,5.0,3.0,2.0,2.0,2.0,2.0,4.0,4.0
14000US36081028500,1.0,1.0,1.0,1.0,1.0,1.0,1.0,1.0,1.0,1.0
14000US36047055300,2.0,5.0,5.0,3.0,2.0,2.0,2.0,2.0,4.0,5.0
14000US36061006300,3.0,4.0,3.0,5.0,3.0,3.0,3.0,3.0,2.0,4.0
14000US36103145903,4.0,7.0,4.0,6.0,4.0,7.0,6.0,4.0,5.0,6.0
14000US36103145805,4.0,7.0,4.0,6.0,4.0,7.0,6.0,4.0,5.0,6.0
14000US34023001803,2.0,5.0,3.0,3.0,3.0,2.0,2.0,5.0,4.0,2.0
14000US34035052201,3.0,2.0,3.0,3.0,3.0,3.0,3.0,3.0,2.0,2.0
14000US36059411901,1.0,1.0,1.0,1.0,1.0,1.0,1.0,1.0,1.0,1.0
14000US36059411800,4.0,3.0,4.0,4.0,4.0,4.0,4.0,4.0,3.0,3.0
14000US34025800200,2.0,5.0,5.0,3.0,2.0,2.0,2.0,2.0,4.0,5.0
14000US34025800702,4.0,3.0,4.0,4.0,4.0,4.0,4.0,4.0,3.0,3.0
14000US36103122802,4.0,3.0,4.0,4.0,4.0,4.0,6.0,4.0,3.0,3.0
14000US36047101600,4.0,3.0,4.0,4.0,4.0,4.0,6.0,4.0,3.0,3.0
14000US34029713900,4.0,3.0,4.0,4.0,4.0,4.0,4.0,4.0,3.0,3.0
14000US36119000201,5.0,7.0,2.0,2.0,6.0,6.0,6.0,5.0,5.0,6.0
14000US36081098100,3.0,2.0,3.0,5.0,3.0,3.0,3.0,3.0,2.0,2.0
14000US36081003300,3.0,2.0,3.0,5.0,3.0,3.0,3.0,3.0,2.0,2.0
14000US34039036000,5.0,3.0,1.0,4.0,6.0,4.0,6.0,4.0,3.0,3.0
14000US36087010501,1.0,1.0,1.0,1.0,1.0,1.0,1.0,1.0,1.0,1.0
14000US36087010200,1.0,1.0,1.0,1.0,1.0,1.0,1.0,1.0,1.0,1.0
14000US34031143200,5.0,7.0,2.0,2.0,6.0,6.0,2.0,5.0,5.0,5.0
14000US34013008000,3.0,2.0,3.0,3.0,3.0,3.0,3.0,3.0,2.0,2.0
14000US34039032800,2.0,5.0,3.0,3.0,2.0,3.0,3.0,3.0,4.0,5.0
14000US34027043301,2.0,4.0,3.0,5.0,3.0,1.0,2.0,3.0,2.0,4.0
14000US36061003300,2.0,5.0,5.0,3.0,2.0,2.0,2.0,2.0,4.0,5.0
14000US36061007900,4.0,3.0,4.0,4.0,4.0,4.0,4.0,4.0,3.0,3.0
14000US36059410500,4.0,3.0,4.0,4.0,4.0,4.0,4.0,4.0,3.0,3.0
14000US36061011100,3.0,4.0,3.0,5.0,3.0,3.0,3.0,3.0,2.0,4.0
14000US36005007000,4.0,3.0,4.0,4.0,4.0,4.0,6.0,4.0,3.0,3.0
14000US36005022500,2.0,5.0,5.0,3.0,2.0,2.0,2.0,2.0,4.0,5.0
14000US36005024502,2.0,5.0,5.0,3.0,2.0,2.0,2.0,2.0,4.0,5.0
14000US36061009800,2.0,5.0,5.0,3.0,2.0,2.0,2.0,2.0,4.0,5.0
14000US36061011500,2.0,5.0,5.0,3.0,2.0,2.0,2.0,2.0,4.0,4.0
14000US36061012700,1.0,1.0,1.0,1.0,1.0,1.0,1.0,1.0,1.0,1.0
14000US36103123002,1.0,1.0,1.0,1.0,1.0,1.0,1.0,1.0,1.0,1.0
14000US36059980100,3.0,4.0,3.0,5.0,3.0,3.0,3.0,3.0,2.0,4.0
14000US34037374800,3.0,2.0,3.0,3.0,3.0,3.0,3.0,3.0,2.0,2.0
14000US34027045502,3.0,2.0,3.0,3.0,3.0,3.0,3.0,3.0,2.0,2.0
14000US36061005501,3.0,2.0,3.0,3.0,3.0,3.0,3.0,3.0,2.0,2.0
14000US34013980200,2.0,5.0,5.0,3.0,2.0,3.0,3.0,2.0,4.0,5.0
14000US36061003100,2.0,5.0,5.0,3.0,2.0,2.0,2.0,2.0,4.0,5.0
14000US36103146705,1.0,6.0,6.0,1.0,5.0,3.0,3.0,1.0,2.0,1.0
14000US36103147100,5.0,7.0,2.0,2.0,6.0,6.0,6.0,5.0,5.0,6.0
14000US34031223802,1.0,1.0,1.0,2.0,1.0,1.0,1.0,1.0,1.0,1.0
14000US34031133701,2.0,5.0,5.0,3.0,2.0,2.0,2.0,2.0,4.0,5.0
14000US34025803400,2.0,5.0,5.0,3.0,2.0,2.0,2.0,2.0,4.0,5.0
14000US34025802900,4.0,3.0,4.0,4.0,4.0,4.0,4.0,4.0,3.0,3.0
14000US34003061400,4.0,3.0,4.0,4.0,4.0,4.0,4.0,4.0,3.0,3.0
14000US36005035100,4.0,3.0,4.0,4.0,4.0,4.0,4.0,4.0,3.0,3.0
14000US36103200902,5.0,1.0,1.0,2.0,6.0,6.0,1.0,5.0,1.0,1.0
14000US36103190401,2.0,5.0,1.0,3.0,2.0,1.0,1.0,1.0,4.0,5.0
14000US34025802700,3.0,2.0,3.0,5.0,3.0,3.0,3.0,3.0,2.0,2.0
14000US34025803000,3.0,2.0,3.0,5.0,3.0,3.0,3.0,3.0,2.0,2.0
14000US34017012500,5.0,7.0,2.0,2.0,6.0,6.0,6.0,5.0,5.0,6.0
14000US34013007600,2.0,1.0,1.0,3.0,1.0,1.0,1.0,1.0,1.0,5.0
14000US34013020400,5.0,1.0,1.0,2.0,1.0,1.0,6.0,1.0,1.0,1.0
14000US36103112211,4.0,3.0,4.0,4.0,4.0,4.0,4.0,4.0,3.0,3.0
14000US36103135101,1.0,1.0,1.0,1.0,1.0,1.0,1.0,1.0,1.0,1.0
14000US36103111202,1.0,6.0,1.0,1.0,5.0,5.0,5.0,1.0,1.0,1.0
14000US36103111900,3.0,4.0,3.0,5.0,3.0,3.0,3.0,3.0,2.0,4.0
14000US34003061300,4.0,7.0,4.0,6.0,4.0,7.0,6.0,4.0,5.0,6.0
14000US34003023100,4.0,7.0,2.0,6.0,4.0,7.0,6.0,4.0,5.0,6.0
14000US36103159108,2.0,5.0,5.0,3.0,2.0,2.0,2.0,2.0,4.0,5.0
14000US36103158709,4.0,3.0,4.0,4.0,4.0,4.0,4.0,1.0,1.0,1.0
14000US34013010700,5.0,7.0,2.0,2.0,6.0,6.0,6.0,5.0,5.0,6.0
14000US34017004900,5.0,2.0,5.0,3.0,2.0,3.0,6.0,3.0,2.0,2.0
14000US36081051500,3.0,2.0,3.0,5.0,3.0,3.0,3.0,3.0,2.0,2.0
14000US36047048500,4.0,3.0,4.0,4.0,4.0,4.0,4.0,4.0,3.0,3.0
14000US36059408300,4.0,3.0,4.0,4.0,4.0,4.0,4.0,4.0,3.0,3.0
14000US36059519100,4.0,3.0,4.0,4.0,4.0,4.0,4.0,4.0,3.0,3.0
14000US34031182100,3.0,2.0,3.0,5.0,3.0,3.0,3.0,3.0,2.0,2.0
14000US34031180900,4.0,3.0,4.0,4.0,4.0,4.0,4.0,4.0,3.0,3.0
14000US36005027900,4.0,3.0,4.0,4.0,4.0,4.0,4.0,4.0,3.0,3.0
14000US36119014000,5.0,1.0,1.0,2.0,1.0,1.0,1.0,1.0,1.0,1.0
14000US36119014100,4.0,7.0,2.0,2.0,6.0,4.0,6.0,4.0,3.0,3.0
14000US34003003500,3.0,2.0,3.0,5.0,3.0,3.0,3.0,3.0,2.0,2.0
14000US34003045200,1.0,1.0,1.0,1.0,1.0,1.0,1.0,1.0,1.0,1.0
14000US36081077903,5.0,7.0,2.0,2.0,6.0,6.0,6.0,5.0,5.0,6.0
14000US36081021400,4.0,3.0,4.0,4.0,6.0,4.0,6.0,4.0,3.0,3.0
14000US34027044502,3.0,4.0,3.0,5.0,3.0,3.0,3.0,3.0,2.0,4.0
14000US34027045100,2.0,5.0,5.0,3.0,2.0,2.0,2.0,2.0,4.0,5.0
14000US36005011900,2.0,5.0,5.0,3.0,2.0,2.0,1.0,2.0,4.0,5.0
14000US36005026702,4.0,3.0,4.0,4.0,4.0,4.0,4.0,4.0,3.0,3.0
14000US36119000900,4.0,3.0,4.0,4.0,4.0,4.0,4.0,4.0,3.0,3.0
14000US36119000701,4.0,3.0,4.0,4.0,4.0,4.0,4.0,4.0,3.0,3.0
14000US36061022400,4.0,3.0,4.0,4.0,4.0,4.0,4.0,4.0,3.0,3.0
14000US36061005800,2.0,5.0,5.0,2.0,2.0,2.0,2.0,2.0,4.0,5.0
14000US36047017100,2.0,1.0,1.0,3.0,1.0,1.0,1.0,1.0,1.0,5.0
14000US36061004300,1.0,1.0,1.0,1.0,1.0,1.0,1.0,1.0,1.0,1.0
14000US36047049100,1.0,1.0,1.0,1.0,1.0,1.0,1.0,1.0,1.0,1.0
14000US36061001402,2.0,5.0,5.0,3.0,2.0,2.0,2.0,2.0,4.0,4.0
14000US36085007400,5.0,7.0,2.0,2.0,6.0,6.0,2.0,5.0,5.0,5.0
14000US36047026000,1.0,6.0,6.0,1.0,5.0,5.0,5.0,1.0,1.0,1.0
14000US34025810502,3.0,2.0,3.0,5.0,3.0,3.0,3.0,3.0,2.0,2.0
14000US34017007300,5.0,1.0,1.0,2.0,1.0,1.0,1.0,1.0,1.0,1.0
14000US34017010500,2.0,4.0,5.0,3.0,2.0,2.0,2.0,2.0,4.0,4.0
14000US34003038200,4.0,3.0,4.0,4.0,2.0,2.0,4.0,4.0,3.0,3.0
14000US34027041902,5.0,3.0,2.0,2.0,6.0,6.0,4.0,5.0,5.0,6.0
14000US36081130100,4.0,3.0,4.0,4.0,4.0,4.0,4.0,4.0,3.0,3.0
14000US36081003800,4.0,3.0,4.0,4.0,4.0,4.0,4.0,4.0,3.0,3.0
14000US36061021800,4.0,3.0,4.0,4.0,4.0,4.0,4.0,4.0,3.0,3.0
14000US36005030900,2.0,5.0,5.0,3.0,2.0,2.0,2.0,2.0,4.0,5.0
14000US36071014600,4.0,3.0,4.0,4.0,4.0,4.0,4.0,4.0,3.0,3.0
14000US34013014500,4.0,3.0,4.0,4.0,4.0,4.0,4.0,4.0,3.0,3.0
14000US34017014200,1.0,3.0,4.0,1.0,4.0,4.0,4.0,1.0,1.0,1.0
14000US34031124312,4.0,3.0,1.0,4.0,6.0,4.0,6.0,4.0,3.0,3.0
14000US34029736105,3.0,2.0,3.0,5.0,3.0,3.0,3.0,3.0,2.0,2.0
14000US36081027500,5.0,5.0,2.0,2.0,6.0,6.0,6.0,5.0,5.0,5.0
14000US36081041500,3.0,4.0,3.0,5.0,3.0,3.0,3.0,3.0,2.0,4.0
14000US34003059100,5.0,7.0,2.0,2.0,6.0,6.0,6.0,5.0,5.0,6.0
14000US34003049002,2.0,5.0,5.0,3.0,2.0,2.0,2.0,2.0,4.0,5.0
14000US36103135209,3.0,2.0,3.0,3.0,3.0,3.0,3.0,3.0,2.0,2.0
14000US34025810800,4.0,3.0,1.0,4.0,6.0,4.0,6.0,4.0,3.0,3.0
14000US34025809701,4.0,3.0,4.0,4.0,4.0,4.0,4.0,4.0,3.0,3.0
14000US34031182302,4.0,3.0,4.0,4.0,4.0,4.0,4.0,4.0,3.0,3.0
14000US34025807003,2.0,5.0,5.0,3.0,2.0,2.0,2.0,2.0,4.0,5.0
14000US34025811000,2.0,5.0,5.0,3.0,2.0,2.0,2.0,2.0,4.0,5.0
14000US34023000100,1.0,2.0,3.0,1.0,3.0,3.0,5.0,3.0,1.0,2.0
14000US34029720101,3.0,2.0,3.0,5.0,3.0,3.0,3.0,3.0,2.0,2.0
14000US36005041400,1.0,1.0,1.0,1.0,4.0,1.0,4.0,4.0,3.0,3.0
14000US36081033402,2.0,4.0,5.0,3.0,2.0,2.0,2.0,2.0,4.0,4.0
14000US34031133702,1.0,1.0,1.0,2.0,1.0,1.0,1.0,1.0,1.0,1.0
14000US34031180800,3.0,4.0,3.0,5.0,3.0,3.0,3.0,3.0,2.0,4.0
14000US36061016900,1.0,1.0,1.0,1.0,1.0,1.0,1.0,1.0,1.0,1.0
14000US36061005900,3.0,2.0,3.0,5.0,3.0,3.0,3.0,3.0,2.0,2.0
14000US36047050400,4.0,3.0,4.0,4.0,4.0,4.0,4.0,4.0,3.0,3.0
14000US36071011300,4.0,3.0,4.0,4.0,4.0,4.0,4.0,4.0,3.0,3.0
14000US36071000400,5.0,3.0,1.0,2.0,1.0,1.0,6.0,5.0,1.0,1.0
14000US36119014809,1.0,1.0,1.0,1.0,1.0,1.0,1.0,1.0,1.0,1.0
14000US36005028500,1.0,1.0,1.0,1.0,1.0,1.0,1.0,1.0,1.0,1.0
14000US36081162100,2.0,5.0,5.0,3.0,2.0,2.0,2.0,2.0,4.0,5.0
14000US36061031704,5.0,3.0,2.0,4.0,6.0,4.0,6.0,4.0,3.0,3.0
14000US34003032201,1.0,1.0,1.0,2.0,1.0,1.0,1.0,1.0,1.0,1.0
14000US36027210201,4.0,3.0,4.0,4.0,4.0,4.0,4.0,4.0,3.0,3.0
14000US34017019900,5.0,1.0,2.0,2.0,6.0,6.0,6.0,5.0,1.0,1.0
14000US34017004000,4.0,3.0,4.0,4.0,4.0,4.0,4.0,4.0,3.0,3.0
14000US34003042302,2.0,5.0,5.0,3.0,2.0,2.0,2.0,2.0,4.0,5.0
14000US34017001100,2.0,5.0,5.0,3.0,2.0,2.0,2.0,2.0,4.0,5.0
14000US36061010900,2.0,5.0,5.0,3.0,2.0,2.0,2.0,2.0,4.0,5.0
14000US36103158510,4.0,1.0,1.0,4.0,4.0,4.0,4.0,4.0,3.0,3.0
14000US36103158110,4.0,3.0,4.0,4.0,4.0,4.0,4.0,4.0,3.0,3.0
14000US34037371100,3.0,4.0,3.0,5.0,3.0,3.0,3.0,3.0,2.0,4.0
14000US34037373100,1.0,1.0,1.0,2.0,1.0,1.0,1.0,1.0,1.0,1.0
14000US36081080900,2.0,4.0,5.0,3.0,2.0,2.0,2.0,2.0,4.0,4.0
14000US36085020100,4.0,3.0,4.0,4.0,4.0,4.0,4.0,4.0,3.0,3.0
14000US34013019600,5.0,1.0,1.0,2.0,1.0,1.0,1.0,1.0,1.0,1.0
14000US34035051600,1.0,6.0,6.0,1.0,5.0,5.0,5.0,1.0,1.0,1.0
14000US34035053000,3.0,2.0,3.0,5.0,3.0,3.0,3.0,3.0,2.0,2.0
14000US34035050200,3.0,2.0,3.0,3.0,3.0,3.0,3.0,3.0,2.0,2.0
14000US36061015300,2.0,5.0,5.0,3.0,2.0,2.0,2.0,2.0,4.0,5.0
14000US34025811303,4.0,3.0,2.0,4.0,6.0,4.0,6.0,4.0,3.0,3.0
14000US34025803300,2.0,4.0,5.0,3.0,2.0,2.0,2.0,2.0,4.0,4.0
14000US36059415600,2.0,5.0,5.0,3.0,2.0,2.0,2.0,2.0,4.0,5.0
14000US34013016800,2.0,5.0,5.0,3.0,2.0,2.0,2.0,2.0,4.0,5.0
14000US34013009300,1.0,1.0,1.0,1.0,1.0,1.0,1.0,1.0,1.0,1.0
14000US34013014700,3.0,2.0,3.0,5.0,3.0,3.0,3.0,3.0,2.0,2.0
14000US34037374500,4.0,3.0,4.0,4.0,4.0,4.0,4.0,4.0,3.0,3.0
14000US34003032103,4.0,3.0,4.0,4.0,4.0,4.0,4.0,4.0,3.0,3.0
14000US36059413200,4.0,3.0,4.0,4.0,4.0,4.0,4.0,4.0,3.0,3.0
14000US36059304202,4.0,3.0,4.0,4.0,4.0,4.0,4.0,4.0,3.0,3.0
14000US34003015400,1.0,1.0,1.0,1.0,1.0,1.0,1.0,1.0,1.0,1.0
14000US36061025100,2.0,5.0,5.0,3.0,2.0,2.0,2.0,2.0,4.0,4.0
14000US36047022100,2.0,5.0,5.0,3.0,2.0,2.0,2.0,2.0,4.0,4.0
14000US36047043500,2.0,5.0,5.0,3.0,2.0,2.0,3.0,2.0,4.0,5.0
14000US36027140700,2.0,5.0,5.0,3.0,2.0,2.0,2.0,2.0,4.0,5.0
14000US36027300000,5.0,1.0,2.0,2.0,4.0,6.0,4.0,5.0,1.0,1.0
14000US34017017500,5.0,7.0,2.0,3.0,6.0,6.0,2.0,5.0,5.0,5.0
14000US36103145902,4.0,3.0,4.0,6.0,4.0,7.0,6.0,4.0,3.0,3.0
14000US36103145702,1.0,1.0,1.0,1.0,1.0,1.0,1.0,1.0,1.0,1.0
14000US36119014607,5.0,1.0,1.0,3.0,1.0,1.0,1.0,1.0,1.0,5.0
14000US36119009100,4.0,3.0,2.0,4.0,6.0,6.0,6.0,4.0,3.0,3.0
14000US36061003601,4.0,3.0,4.0,4.0,4.0,4.0,4.0,4.0,3.0,3.0
14000US36119002600,5.0,1.0,1.0,1.0,1.0,1.0,1.0,1.0,1.0,1.0
14000US36005042000,4.0,3.0,4.0,4.0,4.0,4.0,4.0,4.0,3.0,3.0
14000US36103158308,4.0,3.0,4.0,4.0,4.0,4.0,4.0,4.0,3.0,3.0
14000US36103158319,4.0,3.0,4.0,4.0,4.0,4.0,4.0,4.0,3.0,3.0
14000US34031124321,4.0,3.0,4.0,4.0,4.0,4.0,4.0,4.0,3.0,3.0
14000US34003053200,2.0,5.0,5.0,3.0,2.0,2.0,2.0,2.0,4.0,5.0
14000US36027140200,4.0,3.0,4.0,4.0,4.0,4.0,4.0,4.0,3.0,3.0
14000US36087013002,4.0,3.0,4.0,4.0,4.0,4.0,4.0,4.0,3.0,3.0
14000US36061028300,4.0,3.0,4.0,4.0,4.0,4.0,4.0,4.0,3.0,3.0
14000US36047044900,4.0,3.0,4.0,4.0,4.0,4.0,4.0,4.0,3.0,3.0
14000US36103124300,2.0,5.0,5.0,3.0,2.0,2.0,2.0,2.0,4.0,5.0
14000US36103145901,2.0,1.0,1.0,3.0,1.0,1.0,1.0,1.0,1.0,5.0
14000US36061013400,1.0,1.0,1.0,1.0,1.0,1.0,1.0,1.0,1.0,1.0
14000US36061004900,3.0,2.0,3.0,5.0,3.0,3.0,3.0,3.0,2.0,2.0
14000US36059517101,3.0,2.0,3.0,5.0,3.0,3.0,3.0,3.0,2.0,2.0
14000US36059517102,2.0,5.0,5.0,3.0,2.0,2.0,2.0,2.0,4.0,5.0
14000US34027040200,2.0,5.0,5.0,3.0,2.0,2.0,2.0,2.0,4.0,5.0
14000US36061001800,1.0,1.0,1.0,1.0,1.0,1.0,1.0,1.0,1.0,1.0
14000US34017000902,4.0,3.0,4.0,4.0,4.0,4.0,4.0,4.0,3.0,3.0
14000US34017007500,1.0,1.0,1.0,1.0,1.0,1.0,1.0,1.0,1.0,1.0
14000US36047049700,2.0,5.0,5.0,3.0,2.0,2.0,2.0,2.0,4.0,5.0
14000US36061003900,2.0,5.0,5.0,3.0,2.0,2.0,2.0,2.0,4.0,5.0
14000US36081018900,1.0,6.0,6.0,1.0,5.0,5.0,5.0,1.0,1.0,1.0
14000US36081115700,4.0,1.0,4.0,4.0,4.0,4.0,4.0,4.0,3.0,3.0
14000US36061018100,4.0,3.0,4.0,4.0,4.0,4.0,4.0,4.0,3.0,3.0
14000US36061014500,2.0,5.0,5.0,3.0,2.0,2.0,2.0,2.0,4.0,5.0
14000US34039039900,2.0,5.0,5.0,3.0,2.0,2.0,2.0,2.0,4.0,5.0
14000US34039031100,4.0,1.0,1.0,1.0,1.0,1.0,4.0,1.0,1.0,1.0
14000US36061019100,4.0,3.0,4.0,4.0,4.0,4.0,4.0,4.0,3.0,3.0
14000US36047004500,2.0,5.0,5.0,3.0,2.0,2.0,3.0,2.0,4.0,5.0
14000US36103146002,2.0,1.0,1.0,1.0,1.0,1.0,3.0,1.0,1.0,1.0
14000US36103145703,2.0,4.0,5.0,3.0,2.0,2.0,2.0,2.0,4.0,4.0
14000US36119012000,1.0,1.0,1.0,1.0,1.0,1.0,1.0,1.0,1.0,1.0
14000US36119011800,1.0,1.0,1.0,1.0,1.0,1.0,1.0,1.0,1.0,1.0
14000US36103158509,3.0,2.0,3.0,5.0,3.0,3.0,3.0,3.0,2.0,2.0
14000US36081101700,4.0,6.0,4.0,4.0,4.0,4.0,4.0,4.0,1.0,1.0
14000US36103158107,1.0,1.0,1.0,1.0,1.0,1.0,1.0,1.0,1.0,1.0
14000US36103135402,4.0,3.0,4.0,4.0,4.0,4.0,4.0,4.0,3.0,3.0
14000US34025807900,4.0,3.0,4.0,4.0,4.0,4.0,4.0,4.0,3.0,3.0
14000US36081030600,4.0,3.0,4.0,4.0,4.0,4.0,4.0,4.0,3.0,3.0
14000US36059411100,3.0,4.0,3.0,5.0,3.0,3.0,3.0,3.0,2.0,4.0
14000US36081099801,5.0,7.0,2.0,2.0,6.0,6.0,6.0,5.0,5.0,6.0
14000US34039032500,1.0,1.0,1.0,2.0,1.0,1.0,1.0,1.0,1.0,1.0
14000US36119006500,2.0,5.0,3.0,3.0,3.0,3.0,3.0,3.0,2.0,5.0
14000US34031196401,5.0,3.0,2.0,2.0,6.0,6.0,6.0,5.0,5.0,6.0
14000US34013021701,2.0,5.0,5.0,3.0,2.0,2.0,2.0,2.0,4.0,5.0
14000US34013011200,4.0,3.0,4.0,4.0,4.0,4.0,4.0,4.0,3.0,3.0
14000US34017013400,1.0,1.0,1.0,1.0,1.0,1.0,1.0,1.0,1.0,1.0
14000US34029734001,3.0,2.0,3.0,5.0,3.0,3.0,3.0,3.0,2.0,2.0
14000US42103950605,1.0,3.0,1.0,4.0,1.0,1.0,1.0,4.0,3.0,3.0
14000US34023006101,2.0,5.0,5.0,3.0,2.0,2.0,2.0,2.0,4.0,5.0
14000US34017005200,2.0,2.0,5.0,3.0,2.0,2.0,2.0,2.0,2.0,5.0
14000US34003019304,3.0,2.0,3.0,3.0,3.0,3.0,3.0,3.0,2.0,2.0
14000US36005023702,1.0,6.0,6.0,1.0,5.0,5.0,5.0,1.0,1.0,1.0
14000US36005037800,1.0,3.0,4.0,1.0,4.0,4.0,1.0,1.0,1.0,1.0
14000US36081085300,4.0,3.0,4.0,4.0,4.0,4.0,4.0,4.0,3.0,3.0
14000US34031246001,4.0,3.0,4.0,4.0,4.0,4.0,4.0,4.0,3.0,3.0
14000US34031183200,4.0,3.0,4.0,4.0,4.0,4.0,4.0,4.0,3.0,3.0
14000US36047089600,3.0,2.0,3.0,5.0,3.0,3.0,3.0,3.0,2.0,2.0
14000US36005015900,3.0,2.0,3.0,5.0,3.0,3.0,3.0,3.0,2.0,2.0
14000US34017001201,4.0,3.0,4.0,4.0,4.0,4.0,4.0,4.0,3.0,3.0
14000US34017007400,5.0,3.0,2.0,4.0,6.0,4.0,6.0,5.0,3.0,3.0
14000US34025806501,2.0,4.0,5.0,3.0,2.0,2.0,2.0,2.0,4.0,4.0
14000US34025805400,1.0,1.0,1.0,4.0,1.0,1.0,1.0,1.0,1.0,1.0
14000US34025804700,4.0,3.0,1.0,4.0,6.0,4.0,6.0,4.0,3.0,3.0
14000US36061014602,4.0,3.0,4.0,4.0,4.0,4.0,4.0,4.0,3.0,3.0
14000US36027070401,4.0,3.0,4.0,4.0,4.0,4.0,4.0,4.0,3.0,3.0
14000US36061024100,4.0,3.0,4.0,4.0,4.0,4.0,4.0,4.0,3.0,3.0
14000US36061016100,2.0,5.0,5.0,3.0,2.0,2.0,2.0,2.0,4.0,5.0
14000US34039037601,2.0,5.0,5.0,3.0,2.0,2.0,2.0,2.0,4.0,5.0
14000US34025812000,4.0,3.0,4.0,4.0,4.0,4.0,4.0,4.0,3.0,3.0
14000US34029727002,2.0,5.0,5.0,3.0,2.0,2.0,2.0,2.0,4.0,5.0
14000US36103146615,1.0,1.0,1.0,2.0,1.0,1.0,1.0,1.0,1.0,1.0
14000US36103158607,5.0,7.0,2.0,2.0,6.0,6.0,6.0,5.0,5.0,6.0
14000US34017018800,5.0,7.0,2.0,2.0,6.0,6.0,6.0,5.0,5.0,6.0
14000US36081005700,1.0,6.0,6.0,1.0,5.0,5.0,5.0,1.0,1.0,1.0
14000US36081026700,3.0,4.0,3.0,5.0,3.0,3.0,3.0,3.0,2.0,4.0
14000US36061013000,1.0,1.0,1.0,1.0,1.0,1.0,1.0,1.0,1.0,1.0
14000US34023002703,4.0,3.0,2.0,4.0,4.0,4.0,6.0,4.0,3.0,3.0
14000US34023001903,1.0,3.0,4.0,1.0,4.0,4.0,4.0,1.0,1.0,1.0
14000US36061027100,2.0,5.0,5.0,3.0,2.0,2.0,2.0,2.0,4.0,4.0
14000US34017019400,4.0,3.0,4.0,4.0,4.0,4.0,4.0,4.0,3.0,3.0
14000US36047000100,3.0,2.0,3.0,3.0,3.0,3.0,3.0,3.0,2.0,2.0
14000US34023004300,3.0,2.0,3.0,5.0,3.0,3.0,3.0,3.0,2.0,2.0
14000US34023000801,3.0,2.0,3.0,3.0,3.0,3.0,3.0,3.0,2.0,2.0
14000US36061005400,2.0,2.0,6.0,3.0,3.0,3.0,3.0,5.0,2.0,2.0
14000US36061017500,3.0,2.0,3.0,5.0,3.0,3.0,3.0,3.0,2.0,2.0
14000US34013017400,3.0,2.0,3.0,5.0,3.0,3.0,3.0,3.0,2.0,2.0
14000US34013017600,1.0,1.0,1.0,1.0,1.0,1.0,1.0,1.0,1.0,1.0
14000US36061021900,5.0,7.0,2.0,2.0,6.0,6.0,6.0,5.0,5.0,6.0
14000US36119001502,2.0,5.0,5.0,3.0,2.0,3.0,3.0,3.0,2.0,5.0
14000US34017012300,4.0,3.0,4.0,4.0,4.0,4.0,4.0,4.0,3.0,3.0
14000US34017012900,3.0,2.0,3.0,5.0,3.0,3.0,3.0,3.0,2.0,2.0
14000US36059414700,1.0,1.0,1.0,1.0,1.0,1.0,1.0,1.0,1.0,1.0
14000US36059415201,4.0,6.0,4.0,4.0,4.0,4.0,4.0,4.0,3.0,3.0
14000US36059517500,3.0,6.0,6.0,1.0,5.0,3.0,3.0,3.0,2.0,5.0
14000US36059518000,2.0,4.0,5.0,3.0,2.0,2.0,2.0,2.0,4.0,4.0
14000US36047051300,3.0,4.0,3.0,5.0,3.0,3.0,3.0,3.0,2.0,4.0
14000US36047038700,3.0,4.0,3.0,5.0,3.0,3.0,3.0,3.0,2.0,4.0
14000US36061015601,4.0,3.0,4.0,4.0,4.0,4.0,4.0,4.0,3.0,3.0
14000US34023007805,4.0,3.0,4.0,4.0,4.0,4.0,4.0,4.0,3.0,3.0
14000US34023007911,4.0,3.0,4.0,4.0,4.0,4.0,4.0,4.0,3.0,3.0
14000US34017014600,4.0,3.0,1.0,4.0,1.0,1.0,1.0,4.0,3.0,3.0
14000US34003019102,1.0,1.0,1.0,1.0,1.0,1.0,1.0,1.0,1.0,1.0
14000US34031264102,4.0,3.0,4.0,4.0,4.0,4.0,4.0,4.0,3.0,3.0
14000US34027042600,3.0,2.0,3.0,5.0,3.0,3.0,3.0,3.0,2.0,2.0
14000US34029733000,3.0,4.0,3.0,5.0,3.0,3.0,3.0,3.0,2.0,4.0
14000US34029732104,4.0,3.0,4.0,4.0,4.0,4.0,4.0,4.0,3.0,3.0
14000US34039037602,4.0,3.0,4.0,4.0,4.0,4.0,4.0,4.0,3.0,3.0
14000US34013010100,5.0,3.0,4.0,4.0,4.0,4.0,4.0,5.0,3.0,3.0
14000US34039035300,3.0,2.0,3.0,5.0,3.0,3.0,3.0,3.0,2.0,2.0
14000US36071013000,4.0,3.0,4.0,4.0,4.0,4.0,4.0,4.0,3.0,3.0
14000US34027043600,4.0,3.0,4.0,4.0,4.0,4.0,4.0,4.0,3.0,3.0
14000US34013006700,2.0,4.0,5.0,3.0,2.0,2.0,2.0,2.0,4.0,4.0
14000US34013003700,3.0,2.0,3.0,5.0,3.0,3.0,3.0,3.0,2.0,2.0
14000US34029715200,5.0,1.0,1.0,4.0,1.0,1.0,1.0,4.0,1.0,1.0
14000US36047105804,1.0,1.0,1.0,1.0,1.0,1.0,1.0,1.0,1.0,1.0
14000US36061006200,1.0,1.0,1.0,1.0,1.0,1.0,1.0,1.0,1.0,1.0
14000US34025811200,1.0,1.0,1.0,1.0,1.0,1.0,1.0,1.0,1.0,1.0
14000US36047033700,5.0,1.0,1.0,2.0,6.0,6.0,6.0,5.0,1.0,5.0
14000US36061010000,2.0,4.0,5.0,3.0,2.0,2.0,2.0,2.0,4.0,4.0
14000US36081018102,4.0,3.0,4.0,4.0,4.0,4.0,4.0,4.0,3.0,3.0
14000US36061022900,4.0,3.0,4.0,4.0,4.0,4.0,4.0,4.0,3.0,3.0
14000US36047077600,4.0,3.0,4.0,4.0,4.0,4.0,4.0,4.0,3.0,3.0
14000US36081103201,4.0,3.0,4.0,4.0,4.0,4.0,4.0,4.0,3.0,3.0
14000US36059411200,4.0,3.0,4.0,4.0,4.0,4.0,4.0,4.0,3.0,3.0
14000US36085002100,4.0,3.0,4.0,4.0,4.0,4.0,4.0,4.0,3.0,3.0
14000US36085020804,2.0,2.0,5.0,3.0,2.0,3.0,6.0,3.0,4.0,2.0
14000US36061007100,4.0,3.0,4.0,4.0,6.0,4.0,6.0,4.0,3.0,3.0
14000US34017004200,2.0,4.0,5.0,3.0,2.0,2.0,2.0,2.0,4.0,4.0
14000US34039037500,1.0,1.0,1.0,1.0,1.0,1.0,1.0,1.0,1.0,1.0
14000US34039032901,2.0,5.0,1.0,3.0,3.0,1.0,3.0,3.0,2.0,5.0
14000US34031182600,5.0,1.0,1.0,2.0,1.0,1.0,1.0,1.0,1.0,1.0
14000US34003031100,3.0,2.0,3.0,5.0,3.0,3.0,3.0,3.0,2.0,2.0
14000US36081140901,4.0,3.0,4.0,4.0,6.0,4.0,6.0,4.0,3.0,3.0
14000US36061004000,3.0,2.0,3.0,3.0,3.0,3.0,3.0,3.0,2.0,2.0
14000US36059408800,5.0,7.0,2.0,2.0,6.0,6.0,6.0,5.0,5.0,6.0
14000US36059521601,3.0,2.0,3.0,5.0,3.0,3.0,3.0,3.0,2.0,2.0
14000US36071013800,3.0,2.0,3.0,5.0,3.0,3.0,3.0,3.0,2.0,2.0
14000US36087011102,3.0,2.0,3.0,5.0,3.0,3.0,3.0,3.0,2.0,2.0
14000US36005040900,3.0,2.0,3.0,5.0,3.0,3.0,3.0,3.0,2.0,2.0
14000US36061012600,1.0,1.0,1.0,1.0,1.0,1.0,1.0,1.0,1.0,1.0
14000US36047051400,1.0,3.0,4.0,1.0,4.0,4.0,1.0,1.0,1.0,1.0
14000US36081046500,2.0,5.0,5.0,3.0,2.0,2.0,2.0,2.0,4.0,5.0
14000US36061010400,3.0,4.0,3.0,3.0,3.0,3.0,3.0,3.0,2.0,4.0
14000US36087010804,2.0,5.0,5.0,3.0,2.0,2.0,2.0,2.0,4.0,5.0
14000US36047006200,3.0,2.0,3.0,5.0,3.0,3.0,3.0,3.0,2.0,2.0
14000US36005012300,2.0,5.0,5.0,3.0,2.0,2.0,1.0,2.0,4.0,5.0
14000US34027041604,4.0,3.0,4.0,4.0,4.0,4.0,4.0,4.0,3.0,3.0
14000US36005020501,1.0,1.0,1.0,1.0,1.0,1.0,1.0,1.0,1.0,1.0
14000US36047014200,2.0,5.0,5.0,3.0,2.0,2.0,2.0,2.0,4.0,5.0
14000US34003019104,3.0,2.0,3.0,5.0,3.0,1.0,3.0,3.0,2.0,2.0
14000US36103158505,5.0,7.0,2.0,2.0,6.0,6.0,6.0,5.0,5.0,6.0
14000US36103158104,3.0,4.0,3.0,5.0,3.0,3.0,3.0,3.0,2.0,4.0
14000US34003032202,4.0,3.0,4.0,4.0,4.0,4.0,4.0,4.0,3.0,3.0
14000US34003030300,1.0,1.0,1.0,1.0,1.0,1.0,1.0,1.0,1.0,1.0
14000US34003052100,2.0,5.0,5.0,3.0,2.0,2.0,2.0,2.0,4.0,5.0
14000US36071011500,2.0,5.0,5.0,3.0,2.0,2.0,2.0,2.0,4.0,4.0
14000US36071011000,2.0,4.0,5.0,3.0,2.0,2.0,2.0,2.0,4.0,4.0
14000US36059301700,2.0,4.0,5.0,3.0,2.0,2.0,2.0,2.0,4.0,4.0
14000US36081046900,5.0,5.0,2.0,2.0,6.0,6.0,6.0,5.0,5.0,5.0
14000US36081084900,2.0,5.0,5.0,3.0,2.0,2.0,2.0,2.0,4.0,5.0
14000US34013000500,4.0,3.0,4.0,1.0,4.0,4.0,4.0,4.0,3.0,3.0
14000US34013022700,2.0,5.0,5.0,3.0,2.0,2.0,2.0,2.0,4.0,4.0
14000US36103159407,3.0,2.0,3.0,5.0,3.0,3.0,3.0,3.0,2.0,2.0
14000US36103158409,4.0,7.0,3.0,6.0,3.0,3.0,6.0,3.0,5.0,6.0
14000US36047054800,1.0,1.0,1.0,1.0,1.0,1.0,1.0,1.0,1.0,1.0
14000US36059519602,3.0,6.0,6.0,5.0,5.0,3.0,3.0,3.0,2.0,5.0
14000US34017017100,1.0,1.0,1.0,1.0,1.0,1.0,1.0,1.0,4.0,1.0
14000US34031256805,5.0,1.0,1.0,2.0,1.0,1.0,1.0,1.0,1.0,1.0
14000US34003052200,5.0,1.0,1.0,2.0,1.0,1.0,1.0,1.0,1.0,1.0
14000US36047018100,3.0,2.0,3.0,5.0,3.0,3.0,3.0,3.0,2.0,2.0
14000US34035051500,3.0,2.0,3.0,5.0,3.0,3.0,3.0,3.0,2.0,2.0
14000US34035053604,2.0,4.0,5.0,3.0,2.0,2.0,2.0,2.0,4.0,4.0
14000US36103124200,4.0,3.0,4.0,4.0,4.0,4.0,4.0,4.0,3.0,3.0
14000US36103169704,5.0,3.0,2.0,2.0,6.0,6.0,6.0,5.0,5.0,6.0
14000US36103112206,3.0,4.0,3.0,5.0,3.0,3.0,3.0,3.0,2.0,4.0
14000US36061011000,2.0,5.0,2.0,3.0,6.0,2.0,2.0,5.0,4.0,4.0
14000US34029711400,2.0,4.0,5.0,3.0,2.0,2.0,2.0,2.0,4.0,4.0
14000US34023001902,4.0,3.0,4.0,4.0,4.0,4.0,4.0,4.0,3.0,3.0
14000US36103145803,4.0,3.0,4.0,4.0,4.0,4.0,4.0,4.0,3.0,3.0
14000US36103158304,1.0,3.0,4.0,1.0,4.0,4.0,1.0,1.0,1.0,1.0
14000US36047052500,4.0,3.0,4.0,4.0,4.0,4.0,6.0,4.0,3.0,3.0
14000US36103124602,4.0,3.0,1.0,4.0,4.0,4.0,4.0,4.0,3.0,3.0
14000US36119012503,2.0,5.0,3.0,3.0,2.0,3.0,3.0,3.0,2.0,5.0
14000US34003015200,4.0,3.0,4.0,4.0,4.0,4.0,4.0,4.0,3.0,3.0
14000US34003054200,2.0,5.0,5.0,3.0,2.0,2.0,2.0,2.0,4.0,5.0
14000US36071010400,4.0,3.0,4.0,4.0,4.0,4.0,4.0,4.0,3.0,3.0
14000US36071013202,1.0,1.0,1.0,1.0,1.0,1.0,1.0,1.0,1.0,1.0
14000US34035051800,4.0,3.0,4.0,4.0,4.0,4.0,4.0,4.0,3.0,3.0
14000US34039038400,4.0,3.0,4.0,4.0,4.0,4.0,4.0,4.0,3.0,3.0
14000US34023001002,2.0,5.0,5.0,3.0,2.0,2.0,2.0,2.0,4.0,4.0
14000US34023000501,3.0,2.0,3.0,5.0,3.0,3.0,3.0,3.0,2.0,2.0
14000US36081068000,2.0,5.0,5.0,3.0,2.0,2.0,2.0,2.0,4.0,5.0
14000US36061021600,5.0,3.0,2.0,4.0,6.0,4.0,6.0,4.0,3.0,3.0
14000US36061005600,1.0,1.0,1.0,5.0,1.0,1.0,1.0,1.0,1.0,1.0
14000US36081044601,3.0,2.0,3.0,5.0,3.0,3.0,3.0,3.0,2.0,2.0
14000US36027140300,5.0,3.0,1.0,4.0,6.0,4.0,6.0,4.0,3.0,3.0
14000US36027220201,5.0,1.0,1.0,2.0,1.0,1.0,1.0,1.0,1.0,1.0
14000US36047059100,3.0,2.0,3.0,5.0,3.0,3.0,3.0,3.0,2.0,2.0
14000US34013013900,2.0,5.0,5.0,3.0,2.0,2.0,2.0,2.0,4.0,5.0
14000US34023006002,4.0,3.0,4.0,4.0,6.0,4.0,6.0,4.0,3.0,3.0
14000US34013017301,4.0,3.0,4.0,4.0,4.0,4.0,4.0,4.0,3.0,3.0
14000US36061000900,4.0,3.0,4.0,4.0,4.0,4.0,4.0,4.0,3.0,3.0
14000US34013001600,4.0,3.0,4.0,4.0,4.0,4.0,4.0,4.0,3.0,3.0
14000US36047043100,1.0,1.0,1.0,2.0,1.0,1.0,1.0,1.0,1.0,1.0
14000US36103158900,2.0,5.0,5.0,3.0,2.0,2.0,2.0,2.0,4.0,5.0
14000US36103159204,2.0,4.0,5.0,3.0,2.0,2.0,2.0,2.0,4.0,4.0
14000US34003021500,1.0,1.0,1.0,1.0,1.0,1.0,1.0,1.0,1.0,1.0
14000US36119000101,5.0,1.0,2.0,2.0,4.0,6.0,4.0,1.0,1.0,1.0
14000US36119000803,5.0,7.0,2.0,2.0,6.0,6.0,6.0,5.0,5.0,6.0
14000US36103123702,1.0,1.0,1.0,1.0,1.0,1.0,1.0,1.0,1.0,1.0
14000US36059414301,2.0,5.0,5.0,3.0,2.0,2.0,2.0,2.0,4.0,5.0
14000US34039034900,2.0,5.0,5.0,2.0,2.0,2.0,2.0,5.0,4.0,5.0
14000US34039034800,2.0,5.0,5.0,3.0,2.0,2.0,2.0,2.0,4.0,5.0
14000US34013006800,4.0,3.0,4.0,4.0,4.0,4.0,4.0,4.0,3.0,3.0
14000US36047055400,3.0,2.0,3.0,5.0,3.0,3.0,3.0,3.0,2.0,2.0
14000US36061013300,2.0,5.0,5.0,3.0,2.0,2.0,2.0,2.0,4.0,4.0
14000US34029722900,4.0,3.0,4.0,4.0,4.0,4.0,4.0,4.0,3.0,3.0
14000US36061009200,4.0,3.0,4.0,4.0,4.0,4.0,4.0,4.0,3.0,3.0
14000US36005006300,4.0,3.0,4.0,4.0,4.0,4.0,4.0,4.0,3.0,3.0
14000US36005036700,3.0,4.0,3.0,5.0,3.0,3.0,3.0,3.0,2.0,4.0
14000US36005009000,3.0,4.0,3.0,5.0,3.0,3.0,3.0,3.0,2.0,4.0
14000US34003035100,4.0,3.0,4.0,4.0,4.0,4.0,4.0,4.0,3.0,3.0
14000US34003032104,4.0,3.0,4.0,4.0,4.0,4.0,4.0,4.0,3.0,3.0
14000US36047112400,4.0,1.0,1.0,4.0,1.0,1.0,4.0,4.0,1.0,1.0
14000US34025801800,4.0,3.0,4.0,4.0,4.0,4.0,4.0,4.0,3.0,3.0
14000US34025801900,5.0,6.0,1.0,2.0,6.0,6.0,6.0,1.0,1.0,1.0
14000US34039035800,2.0,5.0,5.0,3.0,2.0,2.0,2.0,2.0,4.0,5.0
14000US36047004900,2.0,5.0,5.0,3.0,2.0,2.0,2.0,2.0,4.0,5.0
14000US36061006100,1.0,1.0,1.0,1.0,1.0,1.0,1.0,1.0,1.0,1.0
14000US36085027702,5.0,7.0,2.0,2.0,6.0,6.0,6.0,5.0,5.0,6.0
14000US34013007300,4.0,3.0,4.0,4.0,4.0,4.0,4.0,4.0,3.0,3.0
14000US36081006502,1.0,1.0,1.0,1.0,1.0,1.0,1.0,1.0,1.0,1.0
14000US36047042500,1.0,1.0,1.0,2.0,1.0,1.0,1.0,1.0,1.0,1.0
14000US34027043800,3.0,4.0,3.0,5.0,3.0,3.0,3.0,3.0,2.0,4.0
14000US34023003102,5.0,7.0,2.0,2.0,6.0,6.0,2.0,5.0,5.0,5.0
14000US34023007102,4.0,3.0,4.0,4.0,4.0,4.0,4.0,4.0,3.0,3.0
14000US36081050201,5.0,7.0,2.0,2.0,6.0,6.0,6.0,5.0,5.0,6.0
14000US34029734002,1.0,6.0,6.0,1.0,5.0,5.0,5.0,1.0,1.0,1.0
14000US34027041704,1.0,6.0,6.0,1.0,5.0,5.0,5.0,1.0,1.0,1.0
14000US34031246002,5.0,7.0,1.0,2.0,4.0,6.0,6.0,5.0,5.0,6.0
14000US36119010100,3.0,1.0,1.0,5.0,1.0,1.0,1.0,1.0,1.0,2.0
14000US34003054400,3.0,4.0,3.0,5.0,3.0,3.0,3.0,3.0,2.0,4.0
14000US36047011900,3.0,2.0,3.0,1.0,3.0,3.0,3.0,3.0,2.0,2.0
14000US34003003401,3.0,2.0,3.0,1.0,3.0,3.0,3.0,3.0,2.0,2.0
14000US36103158111,2.0,4.0,5.0,3.0,2.0,2.0,2.0,2.0,4.0,4.0
14000US34013017200,3.0,5.0,3.0,3.0,2.0,2.0,3.0,3.0,4.0,5.0
14000US34013017100,1.0,6.0,6.0,1.0,5.0,5.0,5.0,1.0,1.0,1.0
14000US34003012002,4.0,3.0,4.0,4.0,4.0,4.0,4.0,4.0,3.0,3.0
14000US34003038300,4.0,7.0,4.0,6.0,4.0,7.0,6.0,4.0,5.0,6.0
14000US36027140400,2.0,5.0,5.0,3.0,2.0,2.0,2.0,2.0,4.0,4.0
14000US34031181800,4.0,3.0,4.0,4.0,4.0,4.0,4.0,4.0,3.0,3.0
14000US34031124900,5.0,3.0,4.0,4.0,4.0,4.0,4.0,4.0,3.0,3.0
14000US36119002201,1.0,1.0,1.0,1.0,1.0,1.0,1.0,1.0,1.0,1.0
14000US36119000802,2.0,5.0,5.0,3.0,2.0,2.0,2.0,2.0,4.0,5.0
14000US36047051700,1.0,1.0,1.0,2.0,1.0,1.0,1.0,1.0,1.0,1.0
14000US34003019303,4.0,7.0,4.0,6.0,4.0,7.0,6.0,4.0,5.0,6.0
14000US36081062100,1.0,3.0,1.0,1.0,4.0,4.0,4.0,1.0,1.0,1.0
14000US36059405600,4.0,3.0,4.0,4.0,4.0,4.0,4.0,4.0,3.0,3.0
14000US36047055100,2.0,5.0,5.0,3.0,2.0,2.0,2.0,2.0,4.0,5.0
14000US36059416801,5.0,7.0,2.0,2.0,6.0,6.0,6.0,5.0,5.0,6.0
14000US36059412200,1.0,1.0,1.0,1.0,1.0,1.0,1.0,1.0,1.0,1.0
14000US34031124311,4.0,3.0,4.0,4.0,4.0,4.0,4.0,4.0,3.0,3.0
14000US34003051300,4.0,3.0,4.0,4.0,4.0,4.0,4.0,4.0,3.0,3.0
14000US36103135003,1.0,1.0,1.0,1.0,1.0,1.0,1.0,1.0,1.0,1.0
14000US36085020803,4.0,3.0,4.0,4.0,4.0,4.0,6.0,4.0,3.0,3.0
14000US34003056100,2.0,4.0,5.0,3.0,2.0,2.0,2.0,2.0,4.0,4.0
14000US36079011000,1.0,6.0,6.0,1.0,5.0,5.0,5.0,1.0,1.0,1.0
14000US36005039700,4.0,3.0,4.0,4.0,4.0,4.0,4.0,4.0,3.0,3.0
14000US36059405400,4.0,3.0,4.0,4.0,4.0,4.0,4.0,4.0,3.0,3.0
14000US36061026900,1.0,1.0,1.0,1.0,1.0,1.0,1.0,1.0,1.0,1.0
14000US36085017600,2.0,5.0,5.0,3.0,2.0,2.0,2.0,2.0,4.0,5.0
14000US36005019700,4.0,3.0,2.0,4.0,6.0,6.0,6.0,4.0,3.0,3.0
14000US34035052601,1.0,1.0,1.0,1.0,1.0,1.0,1.0,1.0,1.0,1.0
14000US34025812100,3.0,2.0,3.0,5.0,3.0,3.0,3.0,3.0,2.0,2.0
14000US36061012000,2.0,5.0,5.0,3.0,2.0,2.0,2.0,2.0,4.0,4.0
14000US34029715902,1.0,6.0,6.0,1.0,5.0,5.0,5.0,1.0,1.0,1.0
14000US34035053404,4.0,3.0,4.0,4.0,4.0,4.0,4.0,4.0,3.0,3.0
14000US34035053103,2.0,4.0,5.0,3.0,2.0,2.0,2.0,2.0,4.0,4.0
14000US36061006700,2.0,5.0,5.0,3.0,2.0,2.0,2.0,2.0,4.0,5.0
14000US36119008404,2.0,5.0,5.0,3.0,2.0,2.0,2.0,2.0,4.0,5.0
14000US34017016400,1.0,1.0,1.0,2.0,1.0,1.0,1.0,1.0,1.0,1.0
14000US34003031300,1.0,1.0,1.0,1.0,1.0,1.0,1.0,1.0,1.0,1.0
14000US34023007103,1.0,1.0,1.0,1.0,1.0,1.0,1.0,1.0,1.0,1.0
14000US34023007202,5.0,1.0,1.0,2.0,1.0,1.0,6.0,1.0,1.0,1.0
14000US34035050801,2.0,5.0,5.0,2.0,2.0,2.0,2.0,5.0,4.0,5.0
14000US34035050902,3.0,2.0,3.0,3.0,3.0,3.0,3.0,3.0,2.0,2.0
14000US36047003700,1.0,1.0,1.0,1.0,1.0,1.0,1.0,1.0,1.0,1.0
14000US36047028200,3.0,4.0,5.0,5.0,2.0,2.0,2.0,2.0,4.0,4.0
14000US36047040100,3.0,3.0,4.0,5.0,3.0,3.0,4.0,3.0,2.0,3.0
14000US36047051500,4.0,3.0,4.0,4.0,4.0,4.0,4.0,4.0,3.0,3.0
14000US36061007000,1.0,1.0,1.0,1.0,1.0,1.0,1.0,1.0,1.0,1.0
14000US36061018600,1.0,1.0,1.0,1.0,1.0,1.0,1.0,1.0,1.0,1.0
14000US34003057101,3.0,2.0,3.0,3.0,3.0,3.0,3.0,3.0,2.0,2.0
14000US36061022000,3.0,4.0,3.0,5.0,3.0,3.0,3.0,3.0,2.0,4.0
14000US34017000400,2.0,4.0,5.0,3.0,2.0,2.0,2.0,2.0,4.0,4.0
14000US34023006800,2.0,5.0,2.0,3.0,6.0,2.0,6.0,2.0,4.0,3.0
14000US36047117601,1.0,6.0,6.0,1.0,5.0,3.0,3.0,1.0,2.0,1.0
14000US36081081800,2.0,5.0,5.0,3.0,2.0,2.0,2.0,2.0,4.0,5.0
14000US36047026500,2.0,5.0,5.0,3.0,2.0,2.0,2.0,2.0,4.0,5.0
14000US36047057500,3.0,2.0,3.0,5.0,3.0,3.0,3.0,3.0,2.0,2.0
14000US36047014500,1.0,1.0,1.0,1.0,1.0,1.0,1.0,1.0,1.0,1.0
14000US34013019300,3.0,4.0,3.0,5.0,3.0,3.0,3.0,3.0,2.0,4.0
14000US36103112210,5.0,7.0,2.0,2.0,6.0,6.0,6.0,5.0,5.0,6.0
14000US36081015802,2.0,4.0,5.0,3.0,2.0,2.0,2.0,2.0,4.0,4.0
14000US36047016100,4.0,3.0,4.0,4.0,6.0,4.0,6.0,4.0,3.0,3.0
14000US36119013500,3.0,4.0,3.0,5.0,3.0,3.0,3.0,3.0,2.0,4.0
14000US36119013301,3.0,2.0,3.0,5.0,3.0,3.0,3.0,3.0,2.0,2.0
14000US36085024401,4.0,3.0,4.0,4.0,6.0,4.0,6.0,4.0,3.0,3.0
14000US34003047400,1.0,6.0,6.0,1.0,5.0,5.0,5.0,1.0,1.0,1.0
14000US36005042901,4.0,3.0,4.0,4.0,4.0,4.0,4.0,4.0,3.0,3.0
14000US36005018302,4.0,3.0,4.0,4.0,4.0,4.0,4.0,4.0,3.0,3.0
14000US34035051200,1.0,1.0,1.0,1.0,1.0,1.0,1.0,1.0,1.0,1.0
14000US34035052100,2.0,5.0,5.0,3.0,2.0,2.0,2.0,2.0,4.0,5.0
14000US36027070301,2.0,5.0,5.0,3.0,2.0,2.0,2.0,2.0,4.0,5.0
14000US36081053900,1.0,1.0,1.0,1.0,1.0,1.0,1.0,1.0,1.0,1.0
14000US36081068300,2.0,6.0,6.0,1.0,5.0,3.0,3.0,1.0,2.0,1.0
14000US34017004101,3.0,2.0,3.0,5.0,3.0,3.0,3.0,3.0,2.0,2.0
14000US36061009700,2.0,5.0,3.0,3.0,3.0,3.0,3.0,3.0,2.0,5.0
14000US36047002100,2.0,4.0,5.0,3.0,2.0,2.0,2.0,2.0,4.0,4.0
14000US36061007700,4.0,3.0,4.0,4.0,4.0,4.0,4.0,4.0,3.0,3.0
14000US36061023200,4.0,3.0,1.0,4.0,6.0,4.0,6.0,4.0,3.0,3.0
14000US34013000800,1.0,1.0,1.0,1.0,1.0,1.0,1.0,1.0,1.0,1.0
14000US36059518201,4.0,3.0,4.0,4.0,4.0,4.0,4.0,4.0,3.0,3.0
14000US36059519900,4.0,3.0,4.0,4.0,4.0,4.0,4.0,4.0,3.0,3.0
14000US34037374700,1.0,1.0,1.0,2.0,1.0,1.0,1.0,1.0,1.0,1.0
14000US34037372800,2.0,5.0,5.0,3.0,2.0,2.0,2.0,2.0,4.0,5.0
14000US34017013800,2.0,4.0,5.0,3.0,2.0,2.0,2.0,2.0,4.0,4.0
14000US34025804500,4.0,3.0,4.0,4.0,4.0,4.0,4.0,4.0,3.0,3.0
14000US36081060100,2.0,5.0,5.0,3.0,2.0,2.0,2.0,2.0,4.0,5.0
14000US36081029300,1.0,1.0,1.0,1.0,1.0,1.0,1.0,1.0,1.0,1.0
14000US36103110300,5.0,7.0,2.0,2.0,6.0,6.0,2.0,5.0,5.0,5.0
14000US36103169703,4.0,3.0,4.0,4.0,4.0,4.0,4.0,4.0,3.0,3.0
14000US34031124323,4.0,7.0,4.0,6.0,4.0,7.0,6.0,4.0,5.0,6.0
14000US36085013800,2.0,5.0,5.0,3.0,2.0,2.0,2.0,2.0,4.0,5.0
14000US36119985000,2.0,5.0,5.0,3.0,2.0,2.0,2.0,2.0,4.0,5.0
14000US34029732001,1.0,3.0,1.0,2.0,1.0,1.0,1.0,5.0,1.0,1.0
14000US34029732002,3.0,2.0,3.0,5.0,3.0,3.0,3.0,3.0,2.0,2.0
14000US34013010400,4.0,3.0,4.0,4.0,4.0,4.0,4.0,4.0,3.0,3.0
14000US36005026100,3.0,2.0,6.0,5.0,3.0,3.0,3.0,1.0,2.0,2.0
14000US36047042700,3.0,2.0,3.0,5.0,3.0,3.0,3.0,3.0,2.0,2.0
14000US34017018600,2.0,4.0,5.0,3.0,2.0,2.0,2.0,2.0,4.0,4.0
14000US34027043700,1.0,1.0,1.0,1.0,1.0,1.0,1.0,1.0,1.0,1.0
14000US34013011100,1.0,6.0,6.0,1.0,5.0,5.0,5.0,1.0,1.0,1.0
14000US34013001400,1.0,6.0,6.0,1.0,5.0,5.0,5.0,1.0,1.0,1.0
14000US34013012400,2.0,5.0,3.0,3.0,3.0,3.0,3.0,3.0,2.0,5.0
14000US34013011900,2.0,5.0,5.0,3.0,2.0,2.0,2.0,2.0,4.0,4.0
14000US34013018000,3.0,2.0,3.0,5.0,3.0,3.0,3.0,3.0,2.0,2.0
14000US34013021702,2.0,5.0,5.0,3.0,2.0,6.0,2.0,2.0,4.0,5.0
14000US34039038700,2.0,4.0,5.0,3.0,2.0,2.0,2.0,2.0,4.0,4.0
14000US34029717300,2.0,5.0,5.0,3.0,3.0,2.0,3.0,2.0,4.0,5.0
14000US34025810401,4.0,3.0,4.0,4.0,4.0,4.0,4.0,4.0,3.0,3.0
14000US34023008300,3.0,2.0,3.0,3.0,3.0,3.0,3.0,3.0,2.0,2.0
14000US34003017300,4.0,3.0,4.0,4.0,6.0,4.0,6.0,4.0,3.0,3.0
14000US36059411500,3.0,2.0,3.0,5.0,3.0,3.0,3.0,3.0,2.0,2.0
14000US36047053400,5.0,7.0,2.0,2.0,6.0,6.0,6.0,5.0,5.0,6.0
14000US36047084600,5.0,3.0,1.0,2.0,1.0,1.0,6.0,1.0,1.0,1.0
14000US34039032100,3.0,2.0,3.0,5.0,3.0,3.0,3.0,3.0,2.0,2.0
14000US34023008800,2.0,5.0,5.0,3.0,2.0,2.0,2.0,2.0,4.0,4.0
14000US34013014300,1.0,6.0,6.0,1.0,5.0,5.0,5.0,1.0,1.0,1.0
14000US34013009200,4.0,3.0,4.0,4.0,4.0,4.0,4.0,4.0,3.0,3.0
14000US34023005200,5.0,7.0,2.0,2.0,6.0,6.0,6.0,5.0,5.0,6.0
14000US34017000300,5.0,3.0,2.0,2.0,6.0,4.0,6.0,5.0,3.0,3.0
14000US36103158320,4.0,7.0,4.0,6.0,4.0,7.0,6.0,4.0,5.0,6.0
14000US36119002300,2.0,4.0,5.0,3.0,2.0,2.0,2.0,2.0,4.0,4.0
14000US34025811401,4.0,3.0,4.0,4.0,4.0,4.0,4.0,4.0,3.0,3.0
14000US34023009000,4.0,3.0,4.0,4.0,4.0,4.0,4.0,4.0,3.0,3.0
14000US36061006800,4.0,3.0,4.0,4.0,4.0,4.0,4.0,4.0,3.0,3.0
14000US36061024500,3.0,2.0,3.0,5.0,3.0,3.0,3.0,3.0,2.0,2.0
14000US36103146102,4.0,3.0,4.0,4.0,4.0,4.0,4.0,4.0,3.0,3.0
14000US36103158803,1.0,1.0,1.0,2.0,1.0,1.0,1.0,1.0,1.0,1.0
14000US36103147200,1.0,2.0,3.0,1.0,3.0,3.0,3.0,3.0,2.0,2.0
14000US36059521302,5.0,1.0,1.0,2.0,1.0,6.0,1.0,5.0,1.0,1.0
14000US36047117800,3.0,2.0,3.0,5.0,3.0,3.0,3.0,3.0,2.0,2.0
14000US36081000200,3.0,2.0,3.0,5.0,3.0,3.0,3.0,3.0,2.0,2.0
14000US36103159107,2.0,5.0,5.0,3.0,2.0,2.0,2.0,2.0,4.0,5.0
14000US36103146607,3.0,5.0,3.0,3.0,2.0,2.0,3.0,3.0,4.0,2.0
14000US34013018900,4.0,3.0,4.0,4.0,4.0,4.0,4.0,4.0,3.0,3.0
14000US34017005400,4.0,3.0,4.0,4.0,4.0,4.0,4.0,4.0,3.0,3.0
14000US34017012800,3.0,2.0,3.0,3.0,3.0,3.0,3.0,3.0,2.0,2.0
14000US34017019100,5.0,7.0,2.0,2.0,6.0,6.0,6.0,5.0,5.0,6.0
14000US36103112212,1.0,1.0,1.0,2.0,6.0,1.0,6.0,1.0,1.0,1.0
14000US34003030200,2.0,5.0,5.0,3.0,2.0,2.0,2.0,2.0,4.0,5.0
14000US36087012300,3.0,2.0,3.0,5.0,3.0,3.0,3.0,3.0,2.0,2.0
14000US34003054100,2.0,5.0,5.0,3.0,2.0,2.0,2.0,2.0,4.0,4.0
14000US36119001200,4.0,3.0,4.0,4.0,4.0,4.0,4.0,4.0,3.0,3.0
14000US36081005400,1.0,1.0,1.0,1.0,1.0,1.0,1.0,1.0,1.0,1.0
14000US34025810501,1.0,1.0,1.0,1.0,1.0,1.0,1.0,1.0,1.0,1.0
14000US36061018900,2.0,5.0,5.0,3.0,2.0,2.0,2.0,2.0,4.0,5.0
14000US34023001200,3.0,4.0,3.0,3.0,3.0,3.0,3.0,3.0,2.0,4.0
14000US36085000700,5.0,1.0,1.0,2.0,1.0,1.0,6.0,1.0,1.0,1.0
14000US36047083000,3.0,4.0,3.0,5.0,3.0,3.0,3.0,3.0,2.0,4.0
14000US36081004700,3.0,2.0,3.0,5.0,3.0,3.0,3.0,3.0,2.0,2.0
14000US36081015700,5.0,1.0,1.0,4.0,1.0,1.0,1.0,1.0,1.0,1.0
14000US34017005500,4.0,7.0,4.0,6.0,4.0,7.0,6.0,4.0,5.0,6.0
14000US34017004600,5.0,7.0,2.0,1.0,6.0,6.0,6.0,5.0,5.0,6.0
14000US36103146612,5.0,7.0,5.0,3.0,6.0,6.0,6.0,5.0,5.0,6.0
14000US36103147702,5.0,1.0,1.0,2.0,1.0,1.0,6.0,1.0,1.0,1.0
14000US34037373900,1.0,6.0,6.0,1.0,5.0,5.0,5.0,1.0,1.0,1.0
14000US34025806201,3.0,1.0,3.0,1.0,3.0,3.0,3.0,3.0,2.0,1.0
14000US36085027301,5.0,7.0,2.0,2.0,6.0,6.0,6.0,5.0,5.0,6.0
14000US36085003900,3.0,2.0,3.0,5.0,3.0,3.0,3.0,3.0,2.0,2.0
14000US36081077904,1.0,1.0,4.0,1.0,4.0,1.0,1.0,1.0,1.0,1.0
14000US36059409700,4.0,3.0,4.0,4.0,4.0,4.0,4.0,4.0,3.0,3.0
14000US36059409000,3.0,4.0,3.0,5.0,3.0,3.0,3.0,3.0,2.0,4.0
14000US34023002604,1.0,1.0,1.0,2.0,1.0,1.0,1.0,1.0,1.0,1.0
14000US34023007500,2.0,1.0,2.0,3.0,2.0,2.0,3.0,3.0,1.0,1.0
14000US36047007500,4.0,3.0,4.0,4.0,4.0,4.0,4.0,4.0,3.0,3.0
14000US34031124601,5.0,1.0,1.0,2.0,5.0,5.0,6.0,1.0,1.0,1.0
14000US36081008500,1.0,1.0,1.0,1.0,1.0,1.0,1.0,1.0,1.0,1.0
14000US36061020300,2.0,4.0,5.0,3.0,2.0,2.0,2.0,2.0,4.0,4.0
14000US36047050100,2.0,5.0,5.0,3.0,2.0,2.0,3.0,2.0,4.0,5.0
14000US36103135004,5.0,4.0,1.0,1.0,1.0,1.0,2.0,1.0,1.0,1.0
14000US36103158202,2.0,4.0,2.0,3.0,2.0,2.0,2.0,2.0,1.0,4.0
14000US36005006700,3.0,2.0,3.0,5.0,3.0,3.0,3.0,3.0,2.0,2.0
14000US36005020601,4.0,3.0,4.0,4.0,4.0,4.0,4.0,4.0,3.0,3.0
14000US34039035100,1.0,1.0,1.0,1.0,1.0,1.0,1.0,1.0,1.0,1.0
14000US34003030400,1.0,6.0,6.0,1.0,5.0,5.0,5.0,1.0,1.0,1.0
14000US36059416100,1.0,3.0,4.0,1.0,4.0,4.0,1.0,1.0,1.0,1.0
14000US34025811102,3.0,2.0,3.0,5.0,3.0,3.0,3.0,3.0,2.0,2.0
14000US36061023100,5.0,1.0,1.0,2.0,1.0,1.0,6.0,5.0,1.0,1.0
14000US36103146611,1.0,1.0,1.0,1.0,1.0,1.0,1.0,1.0,1.0,1.0
14000US36085013201,1.0,1.0,1.0,1.0,1.0,1.0,1.0,1.0,1.0,1.0
14000US36085012100,2.0,5.0,5.0,3.0,2.0,2.0,2.0,2.0,4.0,5.0
14000US36081005800,3.0,4.0,3.0,5.0,3.0,3.0,3.0,3.0,2.0,2.0
14000US36085009602,4.0,3.0,4.0,4.0,4.0,4.0,4.0,4.0,3.0,3.0
14000US36085000800,4.0,3.0,4.0,4.0,4.0,4.0,4.0,4.0,3.0,3.0
14000US34039038800,5.0,7.0,2.0,2.0,6.0,6.0,6.0,5.0,5.0,6.0
14000US34023001412,1.0,1.0,1.0,1.0,1.0,1.0,1.0,1.0,1.0,1.0
14000US36119002101,4.0,3.0,4.0,4.0,4.0,4.0,4.0,4.0,3.0,3.0
14000US36087011403,4.0,3.0,4.0,4.0,4.0,4.0,4.0,4.0,3.0,3.0
14000US36087011602,2.0,4.0,5.0,3.0,2.0,2.0,2.0,2.0,4.0,4.0
14000US36071013400,4.0,7.0,4.0,6.0,4.0,7.0,6.0,4.0,5.0,6.0
14000US36005023703,4.0,3.0,4.0,4.0,4.0,4.0,4.0,4.0,3.0,3.0
14000US36103146106,1.0,1.0,5.0,3.0,2.0,2.0,2.0,2.0,4.0,1.0
14000US34017010800,4.0,3.0,4.0,4.0,4.0,4.0,4.0,4.0,3.0,3.0
14000US34017005600,2.0,5.0,5.0,3.0,2.0,2.0,2.0,2.0,4.0,5.0
14000US36085015602,4.0,3.0,4.0,4.0,4.0,4.0,4.0,4.0,3.0,3.0
14000US36119012101,4.0,3.0,4.0,4.0,4.0,4.0,4.0,4.0,3.0,3.0
14000US36071000100,1.0,1.0,1.0,1.0,1.0,1.0,1.0,1.0,1.0,1.0
14000US36005042500,1.0,5.0,5.0,4.0,2.0,2.0,2.0,2.0,4.0,5.0
14000US36005017701,2.0,5.0,5.0,3.0,2.0,2.0,2.0,2.0,4.0,5.0
14000US36081156700,3.0,4.0,3.0,5.0,3.0,3.0,3.0,3.0,2.0,4.0
14000US36047113000,3.0,2.0,3.0,5.0,3.0,3.0,3.0,3.0,2.0,2.0
14000US36103159105,4.0,3.0,4.0,4.0,4.0,4.0,4.0,4.0,3.0,3.0
14000US36005020502,5.0,3.0,2.0,2.0,6.0,6.0,6.0,5.0,5.0,6.0
14000US36005046201,1.0,1.0,1.0,1.0,1.0,1.0,1.0,1.0,1.0,1.0
14000US34039039400,4.0,3.0,4.0,4.0,4.0,4.0,4.0,4.0,3.0,3.0
14000US36081009700,5.0,7.0,2.0,2.0,6.0,6.0,6.0,5.0,5.0,6.0
14000US36047056100,2.0,5.0,5.0,3.0,2.0,2.0,2.0,2.0,4.0,5.0
14000US36061004700,3.0,2.0,3.0,5.0,3.0,3.0,3.0,3.0,2.0,2.0
14000US34031246203,1.0,1.0,1.0,2.0,1.0,1.0,1.0,1.0,1.0,1.0
14000US34003033100,1.0,6.0,6.0,1.0,5.0,5.0,5.0,1.0,1.0,1.0
14000US34003028001,3.0,2.0,3.0,5.0,3.0,3.0,3.0,3.0,2.0,2.0
14000US34023006001,4.0,7.0,4.0,6.0,4.0,7.0,6.0,4.0,5.0,6.0
14000US36081045500,4.0,3.0,4.0,4.0,4.0,4.0,4.0,4.0,3.0,3.0
14000US34031181300,2.0,1.0,5.0,1.0,4.0,2.0,4.0,1.0,1.0,1.0
14000US34031125100,2.0,4.0,5.0,3.0,2.0,2.0,2.0,2.0,4.0,4.0
14000US36059415000,5.0,1.0,1.0,1.0,1.0,1.0,6.0,1.0,1.0,1.0
14000US36103147004,4.0,3.0,4.0,4.0,6.0,4.0,6.0,4.0,3.0,3.0
14000US36047052300,3.0,2.0,3.0,5.0,3.0,3.0,3.0,3.0,2.0,2.0
14000US36005013100,1.0,1.0,1.0,1.0,1.0,1.0,1.0,1.0,1.0,1.0
14000US34029732101,2.0,5.0,5.0,3.0,2.0,2.0,3.0,2.0,4.0,5.0
14000US34039039800,4.0,3.0,4.0,4.0,4.0,4.0,4.0,4.0,3.0,3.0
14000US34025811600,2.0,2.0,5.0,3.0,2.0,2.0,2.0,2.0,2.0,5.0
14000US36059413300,1.0,1.0,1.0,1.0,1.0,1.0,1.0,1.0,1.0,1.0
14000US36059301600,1.0,1.0,1.0,1.0,1.0,1.0,1.0,1.0,1.0,1.0
14000US34029725001,4.0,3.0,4.0,4.0,4.0,4.0,4.0,1.0,1.0,1.0
14000US36081017900,1.0,7.0,2.0,2.0,6.0,6.0,6.0,5.0,5.0,6.0
14000US36047037900,4.0,3.0,4.0,4.0,4.0,4.0,4.0,4.0,3.0,3.0
14000US34039031904,1.0,1.0,1.0,1.0,1.0,1.0,1.0,1.0,1.0,1.0
14000US36103158712,4.0,3.0,1.0,1.0,4.0,4.0,4.0,4.0,3.0,3.0
14000US34031175302,3.0,2.0,3.0,5.0,3.0,3.0,3.0,3.0,2.0,2.0
14000US34013000900,4.0,3.0,4.0,4.0,4.0,4.0,6.0,4.0,3.0,3.0
14000US34013004801,5.0,1.0,1.0,2.0,1.0,1.0,6.0,1.0,1.0,1.0
14000US34023000902,2.0,4.0,5.0,3.0,2.0,2.0,2.0,2.0,4.0,4.0
14000US36081026100,3.0,4.0,3.0,5.0,3.0,3.0,3.0,3.0,2.0,4.0
14000US36061024301,4.0,3.0,4.0,4.0,4.0,4.0,4.0,4.0,3.0,3.0
14000US36027010000,2.0,4.0,5.0,3.0,2.0,2.0,2.0,2.0,4.0,4.0
14000US36081008800,1.0,1.0,1.0,1.0,1.0,1.0,1.0,1.0,1.0,1.0
14000US36103111601,5.0,1.0,1.0,4.0,6.0,1.0,6.0,1.0,1.0,1.0
14000US36081147100,4.0,3.0,4.0,4.0,4.0,4.0,4.0,4.0,3.0,3.0
14000US36119014808,4.0,3.0,1.0,1.0,4.0,4.0,4.0,4.0,3.0,3.0
14000US36119014805,4.0,3.0,1.0,4.0,4.0,4.0,4.0,4.0,3.0,3.0
14000US34013001000,2.0,5.0,5.0,3.0,2.0,2.0,2.0,2.0,4.0,5.0
14000US34013010500,3.0,4.0,3.0,5.0,3.0,3.0,3.0,3.0,2.0,4.0
14000US36061006900,5.0,7.0,2.0,2.0,1.0,6.0,1.0,1.0,5.0,6.0
14000US34003006300,5.0,7.0,2.0,2.0,6.0,6.0,6.0,5.0,5.0,5.0
14000US34025801000,2.0,5.0,5.0,3.0,2.0,2.0,2.0,2.0,4.0,5.0
14000US36081027900,1.0,1.0,1.0,1.0,1.0,1.0,1.0,1.0,1.0,1.0
14000US34003043001,4.0,3.0,4.0,4.0,4.0,4.0,4.0,4.0,3.0,3.0
14000US34003043002,5.0,1.0,1.0,1.0,1.0,1.0,1.0,1.0,1.0,1.0
14000US36005005100,2.0,5.0,3.0,3.0,2.0,2.0,3.0,3.0,4.0,5.0
14000US36005023302,5.0,3.0,2.0,2.0,6.0,4.0,6.0,5.0,3.0,3.0
14000US36061005502,3.0,2.0,3.0,5.0,3.0,3.0,3.0,3.0,2.0,2.0
14000US36047036002,5.0,2.0,2.0,5.0,6.0,3.0,6.0,5.0,2.0,2.0
14000US36061008100,1.0,6.0,6.0,1.0,5.0,5.0,5.0,1.0,1.0,1.0
14000US34039030702,5.0,3.0,4.0,2.0,4.0,4.0,6.0,4.0,3.0,3.0
14000US36087011200,3.0,2.0,3.0,5.0,3.0,3.0,3.0,3.0,2.0,2.0
14000US36081007300,1.0,1.0,1.0,4.0,1.0,1.0,1.0,1.0,1.0,1.0
14000US36047079200,4.0,3.0,4.0,4.0,4.0,4.0,4.0,1.0,1.0,1.0
14000US36081020800,1.0,3.0,4.0,1.0,4.0,4.0,4.0,1.0,1.0,1.0
14000US36059519300,1.0,6.0,6.0,1.0,5.0,5.0,5.0,3.0,1.0,2.0
14000US36059304002,3.0,4.0,3.0,5.0,3.0,3.0,3.0,3.0,2.0,4.0
14000US36103169901,2.0,4.0,5.0,5.0,2.0,2.0,2.0,2.0,4.0,4.0
14000US36103190704,2.0,2.0,2.0,3.0,3.0,3.0,2.0,5.0,2.0,5.0
14000US36103147601,1.0,1.0,1.0,1.0,1.0,1.0,1.0,1.0,1.0,1.0
14000US36103147503,3.0,2.0,3.0,5.0,3.0,3.0,3.0,3.0,2.0,2.0
14000US36119007402,3.0,2.0,3.0,5.0,3.0,3.0,3.0,3.0,2.0,2.0
14000US36061018300,2.0,5.0,5.0,3.0,2.0,2.0,2.0,2.0,4.0,4.0
14000US36059521100,1.0,1.0,1.0,1.0,1.0,1.0,1.0,1.0,1.0,1.0
14000US34013017700,4.0,3.0,4.0,4.0,4.0,4.0,4.0,1.0,1.0,1.0
14000US34031180100,3.0,4.0,3.0,5.0,3.0,3.0,3.0,3.0,2.0,2.0
14000US34039038601,2.0,5.0,5.0,3.0,2.0,2.0,2.0,2.0,2.0,5.0
14000US36081059400,2.0,5.0,5.0,3.0,2.0,2.0,2.0,2.0,4.0,4.0
14000US36005041300,3.0,2.0,3.0,5.0,3.0,3.0,3.0,3.0,2.0,2.0
14000US36005014400,1.0,6.0,6.0,1.0,5.0,5.0,5.0,1.0,1.0,1.0
14000US34017010400,4.0,3.0,4.0,4.0,4.0,4.0,4.0,4.0,3.0,3.0
14000US34017006500,2.0,4.0,5.0,3.0,2.0,2.0,2.0,2.0,4.0,4.0
14000US34035050100,4.0,3.0,4.0,4.0,4.0,4.0,4.0,4.0,3.0,3.0
14000US34003054300,5.0,2.0,6.0,3.0,5.0,3.0,3.0,3.0,2.0,2.0
14000US36103112213,4.0,3.0,1.0,4.0,4.0,4.0,1.0,4.0,3.0,3.0
14000US36081010100,3.0,2.0,3.0,5.0,3.0,3.0,3.0,3.0,2.0,2.0
14000US36061004200,2.0,4.0,5.0,3.0,2.0,2.0,2.0,2.0,4.0,4.0
14000US36103135201,6.0,8.0,7.0,7.0,7.0,8.0,7.0,6.0,6.0,7.0
14000US34003036100,6.0,8.0,7.0,7.0,7.0,8.0,7.0,6.0,6.0,7.0
14000US36103145701,4.0,3.0,4.0,4.0,4.0,4.0,4.0,4.0,3.0,3.0
14000US36103146403,5.0,7.0,2.0,2.0,6.0,6.0,6.0,5.0,5.0,6.0
14000US36103135301,4.0,3.0,4.0,4.0,4.0,4.0,4.0,4.0,3.0,3.0
14000US34029728000,5.0,1.0,2.0,2.0,4.0,6.0,4.0,1.0,1.0,1.0
14000US34023006103,2.0,4.0,5.0,3.0,2.0,2.0,2.0,2.0,4.0,4.0
14000US34013014600,3.0,2.0,3.0,5.0,3.0,3.0,3.0,3.0,2.0,2.0
14000US34013008700,4.0,3.0,4.0,4.0,4.0,4.0,4.0,4.0,3.0,3.0
14000US36081029400,1.0,1.0,1.0,1.0,1.0,1.0,1.0,1.0,1.0,1.0
14000US36081056800,1.0,1.0,1.0,2.0,1.0,1.0,1.0,1.0,1.0,1.0
14000US34017015802,2.0,5.0,5.0,3.0,2.0,2.0,2.0,2.0,4.0,5.0
14000US34017017700,2.0,5.0,5.0,3.0,2.0,2.0,2.0,2.0,4.0,5.0
14000US36061018700,3.0,4.0,3.0,3.0,3.0,3.0,3.0,3.0,2.0,4.0
14000US34013012100,3.0,4.0,3.0,5.0,3.0,3.0,3.0,3.0,2.0,4.0
14000US36059415700,3.0,2.0,3.0,5.0,3.0,3.0,3.0,3.0,2.0,2.0
14000US36059414304,5.0,7.0,2.0,2.0,6.0,6.0,6.0,5.0,5.0,6.0
14000US34039031200,1.0,6.0,6.0,1.0,5.0,5.0,5.0,1.0,1.0,1.0
14000US34023006703,3.0,2.0,3.0,5.0,3.0,3.0,3.0,3.0,2.0,2.0
14000US34029713401,1.0,1.0,1.0,1.0,1.0,1.0,1.0,1.0,1.0,1.0
14000US34017004500,3.0,2.0,3.0,5.0,3.0,3.0,3.0,3.0,2.0,2.0
14000US36087011405,4.0,1.0,1.0,4.0,4.0,4.0,4.0,4.0,3.0,3.0
14000US36119003900,4.0,7.0,4.0,6.0,4.0,7.0,6.0,4.0,5.0,6.0
14000US36081049302,4.0,7.0,4.0,6.0,4.0,7.0,6.0,4.0,5.0,6.0
14000US36081027700,2.0,2.0,3.0,5.0,3.0,3.0,3.0,3.0,2.0,2.0
14000US34013000700,1.0,1.0,1.0,1.0,1.0,1.0,1.0,1.0,1.0,1.0
14000US34013023100,5.0,4.0,3.0,5.0,6.0,6.0,3.0,5.0,2.0,4.0
14000US36059406501,2.0,4.0,5.0,3.0,2.0,2.0,2.0,2.0,4.0,4.0
14000US36059406400,4.0,7.0,4.0,6.0,4.0,7.0,6.0,4.0,5.0,6.0
14000US34023007804,1.0,1.0,1.0,1.0,1.0,1.0,1.0,1.0,1.0,1.0
14000US34035053402,5.0,3.0,1.0,2.0,1.0,1.0,6.0,5.0,1.0,1.0
14000US36081071305,4.0,3.0,1.0,4.0,4.0,4.0,4.0,4.0,3.0,3.0
14000US36061005000,1.0,1.0,1.0,1.0,1.0,1.0,1.0,1.0,1.0,1.0
14000US34003013002,1.0,2.0,3.0,1.0,3.0,3.0,3.0,3.0,2.0,2.0
14000US36081014700,4.0,3.0,4.0,4.0,4.0,4.0,4.0,4.0,3.0,3.0
